{
  "type": "FeatureCollection",
  "features": [
    {
      "type": "Feature",
      "properties": {
        "uid": "a1XVI00000FBBVz2AP",
        "name": "Snuggles"
      },
      "geometry": {
        "type": "Point",
        "coordinates": [
          -119.217385,
          40.794053
        ]
      }
    },
    {
      "type": "Feature",
      "properties": {
        "uid": "a1XVI00000FBFj32AH",
        "name": "The Airship"
      },
      "geometry": {
        "type": "Point",
        "coordinates": [
          -119.208355,
          40.772668
        ]
      }
    },
    {
      "type": "Feature",
      "properties": {
        "uid": "a1XVI00000FBH052AH",
        "name": "Down Low Club"
      },
      "geometry": {
        "type": "Point",
        "coordinates": [
          -119.221721,
          40.782565
        ]
      }
    },
    {
      "type": "Feature",
      "properties": {
        "uid": "a1XVI00000FBHw92AH",
        "name": "Camp Gotalotgoinon"
      },
      "geometry": {
        "type": "Point",
        "coordinates": [
          -119.214167,
          40.771456
        ]
      }
    },
    {
      "type": "Feature",
      "properties": {
        "uid": "a1XVI00000FBIU12AP",
        "name": "CAMP JUICY"
      },
      "geometry": {
        "type": "Point",
        "coordinates": [
          -119.209005,
          40.775552
        ]
      }
    },
    {
      "type": "Feature",
      "properties": {
        "uid": "a1XVI00000FBIXF2A5",
        "name": "Camp Pull My Finger"
      },
      "geometry": {
        "type": "Point",
        "coordinates": [
          -119.221005,
          40.778723
        ]
      }
    },
    {
      "type": "Feature",
      "properties": {
        "uid": "a1XVI00000FBJ3V2AX",
        "name": "Orphan Asylum"
      },
      "geometry": {
        "type": "Point",
        "coordinates": [
          -119.211068,
          40.791261
        ]
      }
    },
    {
      "type": "Feature",
      "properties": {
        "uid": "a1XVI00000FBJ6j2AH",
        "name": "Feed tHE ARTists"
      },
      "geometry": {
        "type": "Point",
        "coordinates": [
          -119.212176,
          40.792888
        ]
      }
    },
    {
      "type": "Feature",
      "properties": {
        "uid": "a1XVI00000FBJ8L2AX",
        "name": "The Shuttle Home"
      },
      "geometry": {
        "type": "Point",
        "coordinates": [
          -119.216647,
          40.793584
        ]
      }
    },
    {
      "type": "Feature",
      "properties": {
        "uid": "a1XVI00000FBJGP2A5",
        "name": "Bike Gods"
      },
      "geometry": {
        "type": "Point",
        "coordinates": [
          -119.217429,
          40.791079
        ]
      }
    },
    {
      "type": "Feature",
      "properties": {
        "uid": "a1XVI00000FBJMr2AP",
        "name": "FELANGY"
      },
      "geometry": {
        "type": "Point",
        "coordinates": [
          -119.219615,
          40.784492
        ]
      }
    },
    {
      "type": "Feature",
      "properties": {
        "uid": "a1XVI00000FBJZl2AP",
        "name": "Zeta zone"
      },
      "geometry": {
        "type": "Point",
        "coordinates": [
          -119.221701,
          40.784137
        ]
      }
    },
    {
      "type": "Feature",
      "properties": {
        "uid": "a1XVI00000FBJcz2AH",
        "name": "Hello Mom!"
      },
      "geometry": {
        "type": "Point",
        "coordinates": [
          -119.198335,
          40.775092
        ]
      }
    },
    {
      "type": "Feature",
      "properties": {
        "uid": "a1XVI00000FBJeb2AH",
        "name": "Kuker Camp"
      },
      "geometry": {
        "type": "Point",
        "coordinates": [
          -119.222584,
          40.775689
        ]
      }
    },
    {
      "type": "Feature",
      "properties": {
        "uid": "a1XVI00000FBKFh2AP",
        "name": "Squeeze the Day"
      },
      "geometry": {
        "type": "Point",
        "coordinates": [
          -119.202596,
          40.775192
        ]
      }
    },
    {
      "type": "Feature",
      "properties": {
        "uid": "a1XVI00000FBKHJ2A5",
        "name": "Black Rock City Pickleball Club"
      },
      "geometry": {
        "type": "Point",
        "coordinates": [
          -119.219201,
          40.785899
        ]
      }
    },
    {
      "type": "Feature",
      "properties": {
        "uid": "a1XVI00000FBKcH2AX",
        "name": "Tabernacle"
      },
      "geometry": {
        "type": "Point",
        "coordinates": [
          -119.212265,
          40.794082
        ]
      }
    },
    {
      "type": "Feature",
      "properties": {
        "uid": "a1XVI00000FBMJ72AP",
        "name": "Camp Balagan"
      },
      "geometry": {
        "type": "Point",
        "coordinates": [
          -119.215774,
          40.792948
        ]
      }
    },
    {
      "type": "Feature",
      "properties": {
        "uid": "a1XVI00000FBQQ12AP",
        "name": "Dusty Speakeasy and Sanctuary"
      },
      "geometry": {
        "type": "Point",
        "coordinates": [
          -119.211345,
          40.774208
        ]
      }
    },
    {
      "type": "Feature",
      "properties": {
        "uid": "a1XVI00000FBVCj2AP",
        "name": "Chicago Handshake"
      },
      "geometry": {
        "type": "Point",
        "coordinates": [
          -119.197414,
          40.776442
        ]
      }
    },
    {
      "type": "Feature",
      "properties": {
        "uid": "a1XVI00000FBWTl2AP",
        "name": "Camp Pendant"
      },
      "geometry": {
        "type": "Point",
        "coordinates": [
          -119.220485,
          40.781697
        ]
      }
    },
    {
      "type": "Feature",
      "properties": {
        "uid": "a1XVI00000FBbBh2AL",
        "name": "NORSE CODE"
      },
      "geometry": {
        "type": "Point",
        "coordinates": [
          -119.21946,
          40.790829
        ]
      }
    },
    {
      "type": "Feature",
      "properties": {
        "uid": "a1XVI00000FBeRJ2A1",
        "name": "Blue CATerpillar"
      },
      "geometry": {
        "type": "Point",
        "coordinates": [
          -119.214389,
          40.791259
        ]
      }
    },
    {
      "type": "Feature",
      "properties": {
        "uid": "a1XVI00000FBf2P2AT",
        "name": "Wild Free Spirit"
      },
      "geometry": {
        "type": "Point",
        "coordinates": [
          -119.215977,
          40.788278
        ]
      }
    },
    {
      "type": "Feature",
      "properties": {
        "uid": "a1XVI00000FBfiL2AT",
        "name": "Knot Sure"
      },
      "geometry": {
        "type": "Point",
        "coordinates": [
          -119.217439,
          40.77561
        ]
      }
    },
    {
      "type": "Feature",
      "properties": {
        "uid": "a1XVI00000FBg6X2AT",
        "name": "Joyism MVSC"
      },
      "geometry": {
        "type": "Point",
        "coordinates": [
          -119.204969,
          40.772522
        ]
      }
    },
    {
      "type": "Feature",
      "properties": {
        "uid": "a1XVI00000FBhSP2A1",
        "name": "The Glorious Wet Spot"
      },
      "geometry": {
        "type": "Point",
        "coordinates": [
          -119.197459,
          40.773934
        ]
      }
    },
    {
      "type": "Feature",
      "properties": {
        "uid": "a1XVI00000FBhdh2AD",
        "name": "Camp Why is My Mouth Tingling"
      },
      "geometry": {
        "type": "Point",
        "coordinates": [
          -119.206345,
          40.769877
        ]
      }
    },
    {
      "type": "Feature",
      "properties": {
        "uid": "a1XVI00000FBhvR2AT",
        "name": "noMADart"
      },
      "geometry": {
        "type": "Point",
        "coordinates": [
          -119.220091,
          40.786311
        ]
      }
    },
    {
      "type": "Feature",
      "properties": {
        "uid": "a1XVI00000FBhx32AD",
        "name": "Camp Elephant Toe"
      },
      "geometry": {
        "type": "Point",
        "coordinates": [
          -119.222635,
          40.776541
        ]
      }
    },
    {
      "type": "Feature",
      "properties": {
        "uid": "a1XVI00000FBwCv2AL",
        "name": "Fokaround"
      },
      "geometry": {
        "type": "Point",
        "coordinates": [
          -119.217814,
          40.793403
        ]
      }
    },
    {
      "type": "Feature",
      "properties": {
        "uid": "a1XVI00000FBxtl2AD",
        "name": "Pussy Day Spa"
      },
      "geometry": {
        "type": "Point",
        "coordinates": [
          -119.217316,
          40.787156
        ]
      }
    },
    {
      "type": "Feature",
      "properties": {
        "uid": "a1XVI00000FBzp72AD",
        "name": "Guano Loco Lounge"
      },
      "geometry": {
        "type": "Point",
        "coordinates": [
          -119.197039,
          40.779629
        ]
      }
    },
    {
      "type": "Feature",
      "properties": {
        "uid": "a1XVI00000FC1Cb2AL",
        "name": "Khaleeya"
      },
      "geometry": {
        "type": "Point",
        "coordinates": [
          -119.217177,
          40.791617
        ]
      }
    },
    {
      "type": "Feature",
      "properties": {
        "uid": "a1XVI00000FC31V2AT",
        "name": "Bad Idea"
      },
      "geometry": {
        "type": "Point",
        "coordinates": [
          -119.206004,
          40.77239
        ]
      }
    },
    {
      "type": "Feature",
      "properties": {
        "uid": "a1XVI00000FC6Vd2AL",
        "name": "Wally's Cowboy Kitchen"
      },
      "geometry": {
        "type": "Point",
        "coordinates": [
          -119.216551,
          40.77832
        ]
      }
    },
    {
      "type": "Feature",
      "properties": {
        "uid": "a1XVI00000FC6sD2AT",
        "name": "Pussy Avalanche"
      },
      "geometry": {
        "type": "Point",
        "coordinates": [
          -119.203833,
          40.770692
        ]
      }
    },
    {
      "type": "Feature",
      "properties": {
        "uid": "a1XVI00000FC7GP2A1",
        "name": "tiny camp"
      },
      "geometry": {
        "type": "Point",
        "coordinates": [
          -119.221926,
          40.794518
        ]
      }
    },
    {
      "type": "Feature",
      "properties": {
        "uid": "a1XVI00000FC7Rh2AL",
        "name": "YOUniversal Teahouse"
      },
      "geometry": {
        "type": "Point",
        "coordinates": [
          -119.210452,
          40.772749
        ]
      }
    },
    {
      "type": "Feature",
      "properties": {
        "uid": "a1XVI00000FC7uj2AD",
        "name": "Black Karma"
      },
      "geometry": {
        "type": "Point",
        "coordinates": [
          -119.218599,
          40.776558
        ]
      }
    },
    {
      "type": "Feature",
      "properties": {
        "uid": "a1XVI00000FC7xx2AD",
        "name": "Hug cabana camp"
      },
      "geometry": {
        "type": "Point",
        "coordinates": [
          -119.210477,
          40.773747
        ]
      }
    },
    {
      "type": "Feature",
      "properties": {
        "uid": "a1XVI00000FC89F2AT",
        "name": "Send Noods"
      },
      "geometry": {
        "type": "Point",
        "coordinates": [
          -119.208903,
          40.773507
        ]
      }
    },
    {
      "type": "Feature",
      "properties": {
        "uid": "a1XVI00000FCDqT2AX",
        "name": "Bag o' Dicks"
      },
      "geometry": {
        "type": "Point",
        "coordinates": [
          -119.198566,
          40.777634
        ]
      }
    },
    {
      "type": "Feature",
      "properties": {
        "uid": "a1XVI00000FCEBR2A5",
        "name": "Camp Zoombox"
      },
      "geometry": {
        "type": "Point",
        "coordinates": [
          -119.192689,
          40.778251
        ]
      }
    },
    {
      "type": "Feature",
      "properties": {
        "uid": "a1XVI00000FCEhh2AH",
        "name": "Foreskin"
      },
      "geometry": {
        "type": "Point",
        "coordinates": [
          -119.198213,
          40.777421
        ]
      }
    },
    {
      "type": "Feature",
      "properties": {
        "uid": "a1XVI00000FCFCL2A5",
        "name": "WrongoWrongo"
      },
      "geometry": {
        "type": "Point",
        "coordinates": [
          -119.20588,
          40.77034
        ]
      }
    },
    {
      "type": "Feature",
      "properties": {
        "uid": "a1XVI00000FCG0L2AX",
        "name": "ASTRO SHACK JaVa JoINt"
      },
      "geometry": {
        "type": "Point",
        "coordinates": [
          -119.217363,
          40.787643
        ]
      }
    },
    {
      "type": "Feature",
      "properties": {
        "uid": "a1XVI00000FCGRl2AP",
        "name": "Crepiphany"
      },
      "geometry": {
        "type": "Point",
        "coordinates": [
          -119.216833,
          40.775951
        ]
      }
    },
    {
      "type": "Feature",
      "properties": {
        "uid": "a1XVI00000FCGbR2AX",
        "name": "The Crusty Swan"
      },
      "geometry": {
        "type": "Point",
        "coordinates": [
          -119.21934,
          40.774164
        ]
      }
    },
    {
      "type": "Feature",
      "properties": {
        "uid": "a1XVI00000FCGrZ2AX",
        "name": "Scorpion Walks"
      },
      "geometry": {
        "type": "Point",
        "coordinates": [
          -119.196375,
          40.776716
        ]
      }
    },
    {
      "type": "Feature",
      "properties": {
        "uid": "a1XVI00000FCKyP2AX",
        "name": "French Fruits"
      },
      "geometry": {
        "type": "Point",
        "coordinates": [
          -119.221002,
          40.785627
        ]
      }
    },
    {
      "type": "Feature",
      "properties": {
        "uid": "a1XVI00000FCL3F2AX",
        "name": "Camp Cosmo"
      },
      "geometry": {
        "type": "Point",
        "coordinates": [
          -119.221589,
          40.781238
        ]
      }
    },
    {
      "type": "Feature",
      "properties": {
        "uid": "a1XVI00000FCL9h2AH",
        "name": "Silver City"
      },
      "geometry": {
        "type": "Point",
        "coordinates": [
          -119.208351,
          40.771367
        ]
      }
    },
    {
      "type": "Feature",
      "properties": {
        "uid": "a1XVI00000FCLEX2A5",
        "name": "Playa Choir"
      },
      "geometry": {
        "type": "Point",
        "coordinates": [
          -119.218092,
          40.775981
        ]
      }
    },
    {
      "type": "Feature",
      "properties": {
        "uid": "a1XVI00000FCLHl2AP",
        "name": "Cheshire Alley"
      },
      "geometry": {
        "type": "Point",
        "coordinates": [
          -119.207206,
          40.770194
        ]
      }
    },
    {
      "type": "Feature",
      "properties": {
        "uid": "a1XVI00000FCLMb2AP",
        "name": "Vamp Camp"
      },
      "geometry": {
        "type": "Point",
        "coordinates": [
          -119.212839,
          40.792339
        ]
      }
    },
    {
      "type": "Feature",
      "properties": {
        "uid": "a1XVI00000FCMIf2AP",
        "name": "Camp Elektra"
      },
      "geometry": {
        "type": "Point",
        "coordinates": [
          -119.221641,
          40.794719
        ]
      }
    },
    {
      "type": "Feature",
      "properties": {
        "uid": "a1XVI00000FCMqX2AX",
        "name": "Alter Ego"
      },
      "geometry": {
        "type": "Point",
        "coordinates": [
          -119.205272,
          40.775045
        ]
      }
    },
    {
      "type": "Feature",
      "properties": {
        "uid": "a1XVI00000FCNUr2AP",
        "name": "Dacha"
      },
      "geometry": {
        "type": "Point",
        "coordinates": [
          -119.2149,
          40.791922
        ]
      }
    },
    {
      "type": "Feature",
      "properties": {
        "uid": "a1XVI00000FCaWv2AL",
        "name": "Chariot Project"
      },
      "geometry": {
        "type": "Point",
        "coordinates": [
          -119.217395,
          40.779305
        ]
      }
    },
    {
      "type": "Feature",
      "properties": {
        "uid": "a1XVI00000FCjqL2AT",
        "name": "Dusty Taint"
      },
      "geometry": {
        "type": "Point",
        "coordinates": [
          -119.199313,
          40.777509
        ]
      }
    },
    {
      "type": "Feature",
      "properties": {
        "uid": "a1XVI00000FCxy92AD",
        "name": "GlouGlou Art"
      },
      "geometry": {
        "type": "Point",
        "coordinates": [
          -119.215243,
          40.776609
        ]
      }
    },
    {
      "type": "Feature",
      "properties": {
        "uid": "a1XVI00000FCzof2AD",
        "name": "Deep Playa Simulator"
      },
      "geometry": {
        "type": "Point",
        "coordinates": [
          -119.21355,
          40.793039
        ]
      }
    },
    {
      "type": "Feature",
      "properties": {
        "uid": "a1XVI00000FD03B2AT",
        "name": "Pops and Drops"
      },
      "geometry": {
        "type": "Point",
        "coordinates": [
          -119.201936,
          40.774585
        ]
      }
    },
    {
      "type": "Feature",
      "properties": {
        "uid": "a1XVI00000FD1Yj2AL",
        "name": "Snow Chance"
      },
      "geometry": {
        "type": "Point",
        "coordinates": [
          -119.218426,
          40.787645
        ]
      }
    },
    {
      "type": "Feature",
      "properties": {
        "uid": "a1XVI00000FD2BR2A1",
        "name": "Temple Oasis"
      },
      "geometry": {
        "type": "Point",
        "coordinates": [
          -119.212206,
          40.775698
        ]
      }
    },
    {
      "type": "Feature",
      "properties": {
        "uid": "a1XVI00000FDOyL2AX",
        "name": "Pretty Pickle"
      },
      "geometry": {
        "type": "Point",
        "coordinates": [
          -119.218614,
          40.783612
        ]
      }
    },
    {
      "type": "Feature",
      "properties": {
        "uid": "a1XVI00000FDQs52AH",
        "name": "Gypsy Monkey Carnival"
      },
      "geometry": {
        "type": "Point",
        "coordinates": [
          -119.196317,
          40.774749
        ]
      }
    },
    {
      "type": "Feature",
      "properties": {
        "uid": "a1XVI00000FDWcX2AX",
        "name": "Mystikal Misfits"
      },
      "geometry": {
        "type": "Point",
        "coordinates": [
          -119.215994,
          40.787141
        ]
      }
    },
    {
      "type": "Feature",
      "properties": {
        "uid": "a1XVI00000FDcWf2AL",
        "name": "Groundhaus"
      },
      "geometry": {
        "type": "Point",
        "coordinates": [
          -119.211994,
          40.772351
        ]
      }
    },
    {
      "type": "Feature",
      "properties": {
        "uid": "a1XVI00000FDczh2AD",
        "name": "Shanty Town"
      },
      "geometry": {
        "type": "Point",
        "coordinates": [
          -119.216726,
          40.775598
        ]
      }
    },
    {
      "type": "Feature",
      "properties": {
        "uid": "a1XVI00000FDd1J2AT",
        "name": "machinedom - the experience"
      },
      "geometry": {
        "type": "Point",
        "coordinates": [
          -119.220757,
          40.772971
        ]
      }
    },
    {
      "type": "Feature",
      "properties": {
        "uid": "a1XVI00000FDdFp2AL",
        "name": "Lost and Sound"
      },
      "geometry": {
        "type": "Point",
        "coordinates": [
          -119.195492,
          40.774798
        ]
      }
    },
    {
      "type": "Feature",
      "properties": {
        "uid": "a1XVI00000FDdKf2AL",
        "name": "Jitters & Bitters"
      },
      "geometry": {
        "type": "Point",
        "coordinates": [
          -119.196935,
          40.776129
        ]
      }
    },
    {
      "type": "Feature",
      "properties": {
        "uid": "a1XVI00000FDejl2AD",
        "name": "Side Boob"
      },
      "geometry": {
        "type": "Point",
        "coordinates": [
          -119.205653,
          40.771346
        ]
      }
    },
    {
      "type": "Feature",
      "properties": {
        "uid": "a1XVI00000FDelN2AT",
        "name": "Mist Connections"
      },
      "geometry": {
        "type": "Point",
        "coordinates": [
          -119.203908,
          40.775147
        ]
      }
    },
    {
      "type": "Feature",
      "properties": {
        "uid": "a1XVI00000FDemz2AD",
        "name": "SomeDay Isle ..."
      },
      "geometry": {
        "type": "Point",
        "coordinates": [
          -119.219673,
          40.785368
        ]
      }
    },
    {
      "type": "Feature",
      "properties": {
        "uid": "a1XVI00000FDoG52AL",
        "name": "SYMBIO"
      },
      "geometry": {
        "type": "Point",
        "coordinates": [
          -119.193717,
          40.777754
        ]
      }
    },
    {
      "type": "Feature",
      "properties": {
        "uid": "a1XVI00000FE7PB2A1",
        "name": "Avant Garden"
      },
      "geometry": {
        "type": "Point",
        "coordinates": [
          -119.218098,
          40.772299
        ]
      }
    },
    {
      "type": "Feature",
      "properties": {
        "uid": "a1XVI00000FEEiP2AX",
        "name": "Elixai Dust Tribe"
      },
      "geometry": {
        "type": "Point",
        "coordinates": [
          -119.212715,
          40.796157
        ]
      }
    },
    {
      "type": "Feature",
      "properties": {
        "uid": "a1XVI00000FEGp32AH",
        "name": "Lands Beyond"
      },
      "geometry": {
        "type": "Point",
        "coordinates": [
          -119.220391,
          40.790831
        ]
      }
    },
    {
      "type": "Feature",
      "properties": {
        "uid": "a1XVI00000FEHef2AH",
        "name": "Cheezy Oasis"
      },
      "geometry": {
        "type": "Point",
        "coordinates": [
          -119.221866,
          40.780606
        ]
      }
    },
    {
      "type": "Feature",
      "properties": {
        "uid": "a1XVI00000FEKJB2A5",
        "name": "ANTIIX"
      },
      "geometry": {
        "type": "Point",
        "coordinates": [
          -119.222099,
          40.785035
        ]
      }
    },
    {
      "type": "Feature",
      "properties": {
        "uid": "a1XVI00000FEbVJ2A1",
        "name": "Three of Cups"
      },
      "geometry": {
        "type": "Point",
        "coordinates": [
          -119.219057,
          40.784869
        ]
      }
    },
    {
      "type": "Feature",
      "properties": {
        "uid": "a1XVI00000FEccf2AD",
        "name": "Cult of the Magic Lady"
      },
      "geometry": {
        "type": "Point",
        "coordinates": [
          -119.218611,
          40.7821
        ]
      }
    },
    {
      "type": "Feature",
      "properties": {
        "uid": "a1XVI00000FEl852AD",
        "name": "Unicorner"
      },
      "geometry": {
        "type": "Point",
        "coordinates": [
          -119.202393,
          40.775598
        ]
      }
    },
    {
      "type": "Feature",
      "properties": {
        "uid": "a1XVI00000FEn8H2AT",
        "name": "InfiniTea"
      },
      "geometry": {
        "type": "Point",
        "coordinates": [
          -119.222408,
          40.777833
        ]
      }
    },
    {
      "type": "Feature",
      "properties": {
        "uid": "a1XVI00000FEphx2AD",
        "name": "Axis of Stillness"
      },
      "geometry": {
        "type": "Point",
        "coordinates": [
          -119.209178,
          40.770633
        ]
      }
    },
    {
      "type": "Feature",
      "properties": {
        "uid": "a1XVI00000FEr0b2AD",
        "name": "Patsy's Hangout"
      },
      "geometry": {
        "type": "Point",
        "coordinates": [
          -119.221746,
          40.782983
        ]
      }
    },
    {
      "type": "Feature",
      "properties": {
        "uid": "a1XVI00000FErVF2A1",
        "name": "Off the Dome"
      },
      "geometry": {
        "type": "Point",
        "coordinates": [
          -119.217486,
          40.782514
        ]
      }
    },
    {
      "type": "Feature",
      "properties": {
        "uid": "a1XVI00000FEs1V2AT",
        "name": "Grateful Burners"
      },
      "geometry": {
        "type": "Point",
        "coordinates": [
          -119.201915,
          40.775808
        ]
      }
    },
    {
      "type": "Feature",
      "properties": {
        "uid": "a1XVI00000FEsaz2AD",
        "name": "Fantastic Sams"
      },
      "geometry": {
        "type": "Point",
        "coordinates": [
          -119.221194,
          40.779056
        ]
      }
    },
    {
      "type": "Feature",
      "properties": {
        "uid": "a1XVI00000FF3Hv2AL",
        "name": "Après-Ski"
      },
      "geometry": {
        "type": "Point",
        "coordinates": [
          -119.218725,
          40.787043
        ]
      }
    },
    {
      "type": "Feature",
      "properties": {
        "uid": "a1XVI00000FF70X2AT",
        "name": "Lily Pad Lounge"
      },
      "geometry": {
        "type": "Point",
        "coordinates": [
          -119.204195,
          40.770909
        ]
      }
    },
    {
      "type": "Feature",
      "properties": {
        "uid": "a1XVI00000FFFkT2AX",
        "name": "Airstreameri and What Not"
      },
      "geometry": {
        "type": "Point",
        "coordinates": [
          -119.204034,
          40.773925
        ]
      }
    },
    {
      "type": "Feature",
      "properties": {
        "uid": "a1XVI00000FFJJR2A5",
        "name": "El Pulpo Magnifico"
      },
      "geometry": {
        "type": "Point",
        "coordinates": [
          -119.218372,
          40.796645
        ]
      }
    },
    {
      "type": "Feature",
      "properties": {
        "uid": "a1XVI00000FFWGf2AP",
        "name": "No Holes Barred Comedy Club"
      },
      "geometry": {
        "type": "Point",
        "coordinates": [
          -119.224808,
          40.782945
        ]
      }
    },
    {
      "type": "Feature",
      "properties": {
        "uid": "a1XVI00000FFWN72AP",
        "name": "More Is More"
      },
      "geometry": {
        "type": "Point",
        "coordinates": [
          -119.220642,
          40.791376
        ]
      }
    },
    {
      "type": "Feature",
      "properties": {
        "uid": "a1XVI00000FFWTZ2A5",
        "name": "Knotty Peckers"
      },
      "geometry": {
        "type": "Point",
        "coordinates": [
          -119.209564,
          40.77356
        ]
      }
    },
    {
      "type": "Feature",
      "properties": {
        "uid": "a1XVI00000FFaSL2A1",
        "name": "Stoop"
      },
      "geometry": {
        "type": "Point",
        "coordinates": [
          -119.208148,
          40.772229
        ]
      }
    },
    {
      "type": "Feature",
      "properties": {
        "uid": "a1XVI00000FFaTx2AL",
        "name": "SIZE DOESN'T MATTER"
      },
      "geometry": {
        "type": "Point",
        "coordinates": [
          -119.198842,
          40.774764
        ]
      }
    },
    {
      "type": "Feature",
      "properties": {
        "uid": "a1XVI00000FFac12AD",
        "name": "Red Rooster Ranch"
      },
      "geometry": {
        "type": "Point",
        "coordinates": [
          -119.201427,
          40.772195
        ]
      }
    },
    {
      "type": "Feature",
      "properties": {
        "uid": "a1XVI00000FFas92AD",
        "name": "Camp Codename"
      },
      "geometry": {
        "type": "Point",
        "coordinates": [
          -119.206865,
          40.772391
        ]
      }
    },
    {
      "type": "Feature",
      "properties": {
        "uid": "a1XVI00000FFawz2AD",
        "name": "BLACK ROCK ADVENTURES BUS STOP!"
      },
      "geometry": {
        "type": "Point",
        "coordinates": [
          -119.202834,
          40.774665
        ]
      }
    },
    {
      "type": "Feature",
      "properties": {
        "uid": "a1XVI00000FFb532AD",
        "name": "DJ University"
      },
      "geometry": {
        "type": "Point",
        "coordinates": [
          -119.219222,
          40.78995
        ]
      }
    },
    {
      "type": "Feature",
      "properties": {
        "uid": "a1XVI00000FFh8r2AD",
        "name": "The Hand Lovers Lounge"
      },
      "geometry": {
        "type": "Point",
        "coordinates": [
          -119.220051,
          40.777488
        ]
      }
    },
    {
      "type": "Feature",
      "properties": {
        "uid": "a1XVI00000FFhf72AD",
        "name": "Aurora"
      },
      "geometry": {
        "type": "Point",
        "coordinates": [
          -119.206896,
          40.772734
        ]
      }
    },
    {
      "type": "Feature",
      "properties": {
        "uid": "a1XVI00000FFnRB2A1",
        "name": "Irrelephant Bird Camp"
      },
      "geometry": {
        "type": "Point",
        "coordinates": [
          -119.220061,
          40.778207
        ]
      }
    },
    {
      "type": "Feature",
      "properties": {
        "uid": "a1XVI00000FFnxR2AT",
        "name": "Phantasmagoria Camp"
      },
      "geometry": {
        "type": "Point",
        "coordinates": [
          -119.204881,
          40.776127
        ]
      }
    },
    {
      "type": "Feature",
      "properties": {
        "uid": "a1XVI00000FFrY12AL",
        "name": "Simian Akademy"
      },
      "geometry": {
        "type": "Point",
        "coordinates": [
          -119.22146,
          40.785024
        ]
      }
    },
    {
      "type": "Feature",
      "properties": {
        "uid": "a1XVI00000FFsYv2AL",
        "name": "Joyism"
      },
      "geometry": {
        "type": "Point",
        "coordinates": [
          -119.205437,
          40.772455
        ]
      }
    },
    {
      "type": "Feature",
      "properties": {
        "uid": "a1XVI00000FFsdl2AD",
        "name": "DraKasha"
      },
      "geometry": {
        "type": "Point",
        "coordinates": [
          -119.216642,
          40.796744
        ]
      }
    },
    {
      "type": "Feature",
      "properties": {
        "uid": "a1XVI00000FFstt2AD",
        "name": "7 Sirens Cove"
      },
      "geometry": {
        "type": "Point",
        "coordinates": [
          -119.218544,
          40.781438
        ]
      }
    },
    {
      "type": "Feature",
      "properties": {
        "uid": "a1XVI00000FG0rR2AT",
        "name": "Synapse Conduit"
      },
      "geometry": {
        "type": "Point",
        "coordinates": [
          -119.212501,
          40.774957
        ]
      }
    },
    {
      "type": "Feature",
      "properties": {
        "uid": "a1XVI00000FG2GX2A1",
        "name": "Duane's Whirld"
      },
      "geometry": {
        "type": "Point",
        "coordinates": [
          -119.218823,
          40.796354
        ]
      }
    },
    {
      "type": "Feature",
      "properties": {
        "uid": "a1XVI00000FG34X2AT",
        "name": "Black Hole Literary Society"
      },
      "geometry": {
        "type": "Point",
        "coordinates": [
          -119.217595,
          40.78775
        ]
      }
    },
    {
      "type": "Feature",
      "properties": {
        "uid": "a1XVI00000FG39N2AT",
        "name": "Metal Detected"
      },
      "geometry": {
        "type": "Point",
        "coordinates": [
          -119.214329,
          40.775208
        ]
      }
    },
    {
      "type": "Feature",
      "properties": {
        "uid": "a1XVI00000FG3vl2AD",
        "name": "Camp Do Nothing"
      },
      "geometry": {
        "type": "Point",
        "coordinates": [
          -119.198605,
          40.775903
        ]
      }
    },
    {
      "type": "Feature",
      "properties": {
        "uid": "a1XVI00000FG4Jx2AL",
        "name": "Stars And Bikes"
      },
      "geometry": {
        "type": "Point",
        "coordinates": [
          -119.197037,
          40.778007
        ]
      }
    },
    {
      "type": "Feature",
      "properties": {
        "uid": "a1XVI00000FG62P2AT",
        "name": "T.B.C."
      },
      "geometry": {
        "type": "Point",
        "coordinates": [
          -119.193151,
          40.77869
        ]
      }
    },
    {
      "type": "Feature",
      "properties": {
        "uid": "a1XVI00000FG6C52AL",
        "name": "DragonCamp Armory"
      },
      "geometry": {
        "type": "Point",
        "coordinates": [
          -119.224436,
          40.783514
        ]
      }
    },
    {
      "type": "Feature",
      "properties": {
        "uid": "a1XVI00000FG8c52AD",
        "name": "SAHARAA CAMP"
      },
      "geometry": {
        "type": "Point",
        "coordinates": [
          -119.221055,
          40.795109
        ]
      }
    },
    {
      "type": "Feature",
      "properties": {
        "uid": "a1XVI00000FG91t2AD",
        "name": "PolyParadise"
      },
      "geometry": {
        "type": "Point",
        "coordinates": [
          -119.221858,
          40.788861
        ]
      }
    },
    {
      "type": "Feature",
      "properties": {
        "uid": "a1XVI00000FGDlR2AX",
        "name": "Snacklandia"
      },
      "geometry": {
        "type": "Point",
        "coordinates": [
          -119.215014,
          40.775972
        ]
      }
    },
    {
      "type": "Feature",
      "properties": {
        "uid": "a1XVI00000FGOKH2A5",
        "name": "SLAYER!"
      },
      "geometry": {
        "type": "Point",
        "coordinates": [
          -119.216515,
          40.776401
        ]
      }
    },
    {
      "type": "Feature",
      "properties": {
        "uid": "a1XVI00000FGaID2A1",
        "name": "Bar Fallover"
      },
      "geometry": {
        "type": "Point",
        "coordinates": [
          -119.204689,
          40.772568
        ]
      }
    },
    {
      "type": "Feature",
      "properties": {
        "uid": "a1XVI00000FGaoT2AT",
        "name": "Awesomesauce"
      },
      "geometry": {
        "type": "Point",
        "coordinates": [
          -119.220095,
          40.783062
        ]
      }
    },
    {
      "type": "Feature",
      "properties": {
        "uid": "a1XVI00000FGbJ72AL",
        "name": "Costco Soulmate Trading Outlet"
      },
      "geometry": {
        "type": "Point",
        "coordinates": [
          -119.225073,
          40.782598
        ]
      }
    },
    {
      "type": "Feature",
      "properties": {
        "uid": "a1XVI00000FGkFx2AL",
        "name": "Sharkey's Bar and Lounge"
      },
      "geometry": {
        "type": "Point",
        "coordinates": [
          -119.218275,
          40.780692
        ]
      }
    },
    {
      "type": "Feature",
      "properties": {
        "uid": "a1XVI00000FGrCb2AL",
        "name": "Camp Stranger Things"
      },
      "geometry": {
        "type": "Point",
        "coordinates": [
          -119.198391,
          40.778485
        ]
      }
    },
    {
      "type": "Feature",
      "properties": {
        "uid": "a1XVI00000FGuSD2A1",
        "name": "Camp DIY"
      },
      "geometry": {
        "type": "Point",
        "coordinates": [
          -119.221319,
          40.774539
        ]
      }
    },
    {
      "type": "Feature",
      "properties": {
        "uid": "a1XVI00000FGy7d2AD",
        "name": "Homebrew 4A Homebrew"
      },
      "geometry": {
        "type": "Point",
        "coordinates": [
          -119.216529,
          40.776957
        ]
      }
    },
    {
      "type": "Feature",
      "properties": {
        "uid": "a1XVI00000FGz6v2AD",
        "name": "IcyHands Chillzone"
      },
      "geometry": {
        "type": "Point",
        "coordinates": [
          -119.202008,
          40.775925
        ]
      }
    },
    {
      "type": "Feature",
      "properties": {
        "uid": "a1XVI00000FH4Ef2AL",
        "name": "Putt Putt Palace"
      },
      "geometry": {
        "type": "Point",
        "coordinates": [
          -119.220461,
          40.789843
        ]
      }
    },
    {
      "type": "Feature",
      "properties": {
        "uid": "a1XVI00000FHGfd2AH",
        "name": "Future Turtles"
      },
      "geometry": {
        "type": "Point",
        "coordinates": [
          -119.222229,
          40.77995
        ]
      }
    },
    {
      "type": "Feature",
      "properties": {
        "uid": "a1XVI00000FHKJR2A5",
        "name": "Camp P3"
      },
      "geometry": {
        "type": "Point",
        "coordinates": [
          -119.223007,
          40.784319
        ]
      }
    },
    {
      "type": "Feature",
      "properties": {
        "uid": "a1XVI00000FHKL32AP",
        "name": "Bad Boy's Discover Your Kinks"
      },
      "geometry": {
        "type": "Point",
        "coordinates": [
          -119.205099,
          40.772993
        ]
      }
    },
    {
      "type": "Feature",
      "properties": {
        "uid": "a1XVI00000FHOmr2AH",
        "name": "VorteXXX"
      },
      "geometry": {
        "type": "Point",
        "coordinates": [
          -119.220493,
          40.773383
        ]
      }
    },
    {
      "type": "Feature",
      "properties": {
        "uid": "a1XVI00000FHRHh2AP",
        "name": "Foam Home presents FOAMADELIC"
      },
      "geometry": {
        "type": "Point",
        "coordinates": [
          -119.215084,
          40.79373
        ]
      }
    },
    {
      "type": "Feature",
      "properties": {
        "uid": "a1XVI00000FHUST2A5",
        "name": "Spaced Out"
      },
      "geometry": {
        "type": "Point",
        "coordinates": [
          -119.213107,
          40.793011
        ]
      }
    },
    {
      "type": "Feature",
      "properties": {
        "uid": "a1XVI00000FHXer2AH",
        "name": "Sphere Vision"
      },
      "geometry": {
        "type": "Point",
        "coordinates": [
          -119.199548,
          40.773682
        ]
      }
    },
    {
      "type": "Feature",
      "properties": {
        "uid": "a1XVI00000FHY7t2AH",
        "name": "Hotline Camp"
      },
      "geometry": {
        "type": "Point",
        "coordinates": [
          -119.217893,
          40.786398
        ]
      }
    },
    {
      "type": "Feature",
      "properties": {
        "uid": "a1XVI00000FHYEL2A5",
        "name": "TOWER69"
      },
      "geometry": {
        "type": "Point",
        "coordinates": [
          -119.214793,
          40.79521
        ]
      }
    },
    {
      "type": "Feature",
      "properties": {
        "uid": "a1XVI00000FHYFx2AP",
        "name": "Swan Forest"
      },
      "geometry": {
        "type": "Point",
        "coordinates": [
          -119.195525,
          40.775559
        ]
      }
    },
    {
      "type": "Feature",
      "properties": {
        "uid": "a1XVI00000FHYMP2A5",
        "name": "Black Rock Observatory Theme Camp"
      },
      "geometry": {
        "type": "Point",
        "coordinates": [
          -119.196063,
          40.773216
        ]
      }
    },
    {
      "type": "Feature",
      "properties": {
        "uid": "a1XVI00000FHYPd2AP",
        "name": "DK50 Trash Fence Camp"
      },
      "geometry": {
        "type": "Point",
        "coordinates": [
          -119.219232,
          40.796153
        ]
      }
    },
    {
      "type": "Feature",
      "properties": {
        "uid": "a1XVI00000FHYRF2A5",
        "name": "CatLand"
      },
      "geometry": {
        "type": "Point",
        "coordinates": [
          -119.202989,
          40.773349
        ]
      }
    },
    {
      "type": "Feature",
      "properties": {
        "uid": "a1XVI00000FHZ0j2AH",
        "name": "X marks the spot"
      },
      "geometry": {
        "type": "Point",
        "coordinates": [
          -119.208153,
          40.768921
        ]
      }
    },
    {
      "type": "Feature",
      "properties": {
        "uid": "a1XVI00000FHZ3x2AH",
        "name": "Bumpbed"
      },
      "geometry": {
        "type": "Point",
        "coordinates": [
          -119.214427,
          40.796536
        ]
      }
    },
    {
      "type": "Feature",
      "properties": {
        "uid": "a1XVI00000FHbc12AD",
        "name": "Alice in Slumberland"
      },
      "geometry": {
        "type": "Point",
        "coordinates": [
          -119.21376,
          40.77496
        ]
      }
    },
    {
      "type": "Feature",
      "properties": {
        "uid": "a1XVI00000FHejZ2AT",
        "name": "Burning Sensation"
      },
      "geometry": {
        "type": "Point",
        "coordinates": [
          -119.219085,
          40.773428
        ]
      }
    },
    {
      "type": "Feature",
      "properties": {
        "uid": "a1XVI00000FHf692AD",
        "name": "Alternative Energy Zone"
      },
      "geometry": {
        "type": "Point",
        "coordinates": [
          -119.200827,
          40.772735
        ]
      }
    },
    {
      "type": "Feature",
      "properties": {
        "uid": "a1XVI00000FHqT12AL",
        "name": "Hel's Diner"
      },
      "geometry": {
        "type": "Point",
        "coordinates": [
          -119.222543,
          40.778381
        ]
      }
    },
    {
      "type": "Feature",
      "properties": {
        "uid": "a1XVI00000FHz022AD",
        "name": "Hobo Camp"
      },
      "geometry": {
        "type": "Point",
        "coordinates": [
          -119.216304,
          40.778082
        ]
      }
    },
    {
      "type": "Feature",
      "properties": {
        "uid": "a1XVI00000FI5AH2A1",
        "name": "Hookers & Peggers Naughty Cafe"
      },
      "geometry": {
        "type": "Point",
        "coordinates": [
          -119.213579,
          40.774487
        ]
      }
    },
    {
      "type": "Feature",
      "properties": {
        "uid": "a1XVI00000FI5IL2A1",
        "name": "Dusty Mule Saloon and Playground"
      },
      "geometry": {
        "type": "Point",
        "coordinates": [
          -119.208717,
          40.772349
        ]
      }
    },
    {
      "type": "Feature",
      "properties": {
        "uid": "a1XVI00000FI5bh2AD",
        "name": "DUST STARS COLLECTIVE"
      },
      "geometry": {
        "type": "Point",
        "coordinates": [
          -119.220268,
          40.788913
        ]
      }
    },
    {
      "type": "Feature",
      "properties": {
        "uid": "a1XVI00000FI5gX2AT",
        "name": "Fusion Valley"
      },
      "geometry": {
        "type": "Point",
        "coordinates": [
          -119.198174,
          40.778744
        ]
      }
    },
    {
      "type": "Feature",
      "properties": {
        "uid": "a1XVI00000FI5i92AD",
        "name": "AAA Astro Accessible Arcade"
      },
      "geometry": {
        "type": "Point",
        "coordinates": [
          -119.215728,
          40.790066
        ]
      }
    },
    {
      "type": "Feature",
      "properties": {
        "uid": "a1XVI00000FI5jl2AD",
        "name": "Lotus Dome & Café"
      },
      "geometry": {
        "type": "Point",
        "coordinates": [
          -119.207433,
          40.77237
        ]
      }
    },
    {
      "type": "Feature",
      "properties": {
        "uid": "a1XVI00000FI8Pt2AL",
        "name": "Tarwater"
      },
      "geometry": {
        "type": "Point",
        "coordinates": [
          -119.21394,
          40.775849
        ]
      }
    },
    {
      "type": "Feature",
      "properties": {
        "uid": "a1XVI00000FI8Uj2AL",
        "name": "Firefly Solar"
      },
      "geometry": {
        "type": "Point",
        "coordinates": [
          -119.223703,
          40.781431
        ]
      }
    },
    {
      "type": "Feature",
      "properties": {
        "uid": "a1XVI00000FI8g12AD",
        "name": "KAIF"
      },
      "geometry": {
        "type": "Point",
        "coordinates": [
          -119.214048,
          40.79206
        ]
      }
    },
    {
      "type": "Feature",
      "properties": {
        "uid": "a1XVI00000FI8hd2AD",
        "name": "AMAZONE"
      },
      "geometry": {
        "type": "Point",
        "coordinates": [
          -119.204932,
          40.773523
        ]
      }
    },
    {
      "type": "Feature",
      "properties": {
        "uid": "a1XVI00000FI8jF2AT",
        "name": "Prismaticamp"
      },
      "geometry": {
        "type": "Point",
        "coordinates": [
          -119.208923,
          40.770275
        ]
      }
    },
    {
      "type": "Feature",
      "properties": {
        "uid": "a1XVI00000FI8mT2AT",
        "name": "Atmosbhear"
      },
      "geometry": {
        "type": "Point",
        "coordinates": [
          -119.205683,
          40.77433
        ]
      }
    },
    {
      "type": "Feature",
      "properties": {
        "uid": "a1XVI00000FI8w92AD",
        "name": "Treble Makers"
      },
      "geometry": {
        "type": "Point",
        "coordinates": [
          -119.199203,
          40.779775
        ]
      }
    },
    {
      "type": "Feature",
      "properties": {
        "uid": "a1XVI00000FI8zN2AT",
        "name": "Funky Town"
      },
      "geometry": {
        "type": "Point",
        "coordinates": [
          -119.212329,
          40.793447
        ]
      }
    },
    {
      "type": "Feature",
      "properties": {
        "uid": "a1XVI00000FI94D2AT",
        "name": "Burning Man Studios"
      },
      "geometry": {
        "type": "Point",
        "coordinates": [
          -119.218593,
          40.780333
        ]
      }
    },
    {
      "type": "Feature",
      "properties": {
        "uid": "a1XVI00000FI95p2AD",
        "name": "House Of Skin"
      },
      "geometry": {
        "type": "Point",
        "coordinates": [
          -119.21272,
          40.791915
        ]
      }
    },
    {
      "type": "Feature",
      "properties": {
        "uid": "a1XVI00000FI97R2AT",
        "name": "Celestial Alchemy"
      },
      "geometry": {
        "type": "Point",
        "coordinates": [
          -119.21735,
          40.78358
        ]
      }
    },
    {
      "type": "Feature",
      "properties": {
        "uid": "a1XVI00000FI9932AD",
        "name": "Bikini Bottom(less)"
      },
      "geometry": {
        "type": "Point",
        "coordinates": [
          -119.223174,
          40.779556
        ]
      }
    },
    {
      "type": "Feature",
      "properties": {
        "uid": "a1XVI00000FI9Af2AL",
        "name": "Castra Ursi"
      },
      "geometry": {
        "type": "Point",
        "coordinates": [
          -119.20401,
          40.771449
        ]
      }
    },
    {
      "type": "Feature",
      "properties": {
        "uid": "a1XVI00000FI9KL2A1",
        "name": "OHF- One Human Family"
      },
      "geometry": {
        "type": "Point",
        "coordinates": [
          -119.220663,
          40.782186
        ]
      }
    },
    {
      "type": "Feature",
      "properties": {
        "uid": "a1XVI00000FI9SP2A1",
        "name": "Do not confuse here"
      },
      "geometry": {
        "type": "Point",
        "coordinates": [
          -119.216542,
          40.787579
        ]
      }
    },
    {
      "type": "Feature",
      "properties": {
        "uid": "a1XVI00000FI9U12AL",
        "name": "AerialKnotics"
      },
      "geometry": {
        "type": "Point",
        "coordinates": [
          -119.205337,
          40.775244
        ]
      }
    },
    {
      "type": "Feature",
      "properties": {
        "uid": "a1XVI00000FI9Vd2AL",
        "name": "Frybread and Friends"
      },
      "geometry": {
        "type": "Point",
        "coordinates": [
          -119.218185,
          40.78238
        ]
      }
    },
    {
      "type": "Feature",
      "properties": {
        "uid": "a1XVI00000FI9XF2A1",
        "name": "Two Lanterns"
      },
      "geometry": {
        "type": "Point",
        "coordinates": [
          -119.199529,
          40.778006
        ]
      }
    },
    {
      "type": "Feature",
      "properties": {
        "uid": "a1XVI00000FI9aT2AT",
        "name": "Waffles & House"
      },
      "geometry": {
        "type": "Point",
        "coordinates": [
          -119.219478,
          40.787931
        ]
      }
    },
    {
      "type": "Feature",
      "properties": {
        "uid": "a1XVI00000FI9c52AD",
        "name": "Darkwad Patrol"
      },
      "geometry": {
        "type": "Point",
        "coordinates": [
          -119.218923,
          40.787518
        ]
      }
    },
    {
      "type": "Feature",
      "properties": {
        "uid": "a1XVI00000FI9gv2AD",
        "name": "Camp Nafas"
      },
      "geometry": {
        "type": "Point",
        "coordinates": [
          -119.221303,
          40.787236
        ]
      }
    },
    {
      "type": "Feature",
      "properties": {
        "uid": "a1XVI00000FIDCf2AP",
        "name": "Sake To Me"
      },
      "geometry": {
        "type": "Point",
        "coordinates": [
          -119.208161,
          40.770953
        ]
      }
    },
    {
      "type": "Feature",
      "properties": {
        "uid": "a1XVI00000FIO3F2AX",
        "name": "DIPTOWN"
      },
      "geometry": {
        "type": "Point",
        "coordinates": [
          -119.220099,
          40.784322
        ]
      }
    },
    {
      "type": "Feature",
      "properties": {
        "uid": "a1XVI00000FITvl2AH",
        "name": "Playa Jazz Cafe"
      },
      "geometry": {
        "type": "Point",
        "coordinates": [
          -119.216753,
          40.777176
        ]
      }
    },
    {
      "type": "Feature",
      "properties": {
        "uid": "a1XVI00000FIYFV2A5",
        "name": "Kumaya"
      },
      "geometry": {
        "type": "Point",
        "coordinates": [
          -119.206057,
          40.771234
        ]
      }
    },
    {
      "type": "Feature",
      "properties": {
        "uid": "a1XVI00000FIZ0H2AX",
        "name": "Cuttlefish Homebase"
      },
      "geometry": {
        "type": "Point",
        "coordinates": [
          -119.199155,
          40.773886
        ]
      }
    },
    {
      "type": "Feature",
      "properties": {
        "uid": "a1XVI00000FIZjR2AX",
        "name": "Apotheneum"
      },
      "geometry": {
        "type": "Point",
        "coordinates": [
          -119.219897,
          40.778899
        ]
      }
    },
    {
      "type": "Feature",
      "properties": {
        "uid": "a1XVI00000FIZmf2AH",
        "name": "The Shittest Camp"
      },
      "geometry": {
        "type": "Point",
        "coordinates": [
          -119.212714,
          40.771138
        ]
      }
    },
    {
      "type": "Feature",
      "properties": {
        "uid": "a1XVI00000FIZpt2AH",
        "name": "AdramaNation"
      },
      "geometry": {
        "type": "Point",
        "coordinates": [
          -119.22065,
          40.781512
        ]
      }
    },
    {
      "type": "Feature",
      "properties": {
        "uid": "a1XVI00000FIaUD2A1",
        "name": "Don't STOP"
      },
      "geometry": {
        "type": "Point",
        "coordinates": [
          -119.221995,
          40.781398
        ]
      }
    },
    {
      "type": "Feature",
      "properties": {
        "uid": "a1XVI00000FIaVp2AL",
        "name": "Kombuchachacha"
      },
      "geometry": {
        "type": "Point",
        "coordinates": [
          -119.196375,
          40.777368
        ]
      }
    },
    {
      "type": "Feature",
      "properties": {
        "uid": "a1XVI00000FIcKj2AL",
        "name": "Cuddle Oasis"
      },
      "geometry": {
        "type": "Point",
        "coordinates": [
          -119.199851,
          40.779314
        ]
      }
    },
    {
      "type": "Feature",
      "properties": {
        "uid": "a1XVI00000FIhtt2AD",
        "name": "UnStable"
      },
      "geometry": {
        "type": "Point",
        "coordinates": [
          -119.219634,
          40.778498
        ]
      }
    },
    {
      "type": "Feature",
      "properties": {
        "uid": "a1XVI00000FIk292AD",
        "name": "Wonder Camp"
      },
      "geometry": {
        "type": "Point",
        "coordinates": [
          -119.208491,
          40.770234
        ]
      }
    },
    {
      "type": "Feature",
      "properties": {
        "uid": "a1XVI00000FIqYz2AL",
        "name": "The Surge"
      },
      "geometry": {
        "type": "Point",
        "coordinates": [
          -119.195283,
          40.774432
        ]
      }
    },
    {
      "type": "Feature",
      "properties": {
        "uid": "a1XVI00000FIroP2AT",
        "name": "NAACB"
      },
      "geometry": {
        "type": "Point",
        "coordinates": [
          -119.20162,
          40.773767
        ]
      }
    },
    {
      "type": "Feature",
      "properties": {
        "uid": "a1XVI00000FIry52AD",
        "name": "Powder Palace"
      },
      "geometry": {
        "type": "Point",
        "coordinates": [
          -119.218522,
          40.787362
        ]
      }
    },
    {
      "type": "Feature",
      "properties": {
        "uid": "a1XVI00000FIsMH2A1",
        "name": "Black Rock Socks"
      },
      "geometry": {
        "type": "Point",
        "coordinates": [
          -119.220178,
          40.786106
        ]
      }
    },
    {
      "type": "Feature",
      "properties": {
        "uid": "a1XVI00000FIvSD2A1",
        "name": "Karma Love Camp"
      },
      "geometry": {
        "type": "Point",
        "coordinates": [
          -119.221473,
          40.785667
        ]
      }
    },
    {
      "type": "Feature",
      "properties": {
        "uid": "a1XVI00000FIxPB2A1",
        "name": "Dune Dwellers"
      },
      "geometry": {
        "type": "Point",
        "coordinates": [
          -119.196786,
          40.776317
        ]
      }
    },
    {
      "type": "Feature",
      "properties": {
        "uid": "a1XVI00000FIyEn2AL",
        "name": "Dilated Peoples"
      },
      "geometry": {
        "type": "Point",
        "coordinates": [
          -119.219899,
          40.779775
        ]
      }
    },
    {
      "type": "Feature",
      "properties": {
        "uid": "a1XVI00000FIyJd2AL",
        "name": "Altitude Lounge"
      },
      "geometry": {
        "type": "Point",
        "coordinates": [
          -119.21909,
          40.786672
        ]
      }
    },
    {
      "type": "Feature",
      "properties": {
        "uid": "a1XVI00000FIzcH2AT",
        "name": "Bearwhalea"
      },
      "geometry": {
        "type": "Point",
        "coordinates": [
          -119.204305,
          40.774164
        ]
      }
    },
    {
      "type": "Feature",
      "properties": {
        "uid": "a1XVI00000FJ0Of2AL",
        "name": "rEVOLUTION"
      },
      "geometry": {
        "type": "Point",
        "coordinates": [
          -119.201429,
          40.775699
        ]
      }
    },
    {
      "type": "Feature",
      "properties": {
        "uid": "a1XVI00000FJ0bZ2AT",
        "name": "Magic Lantern Society"
      },
      "geometry": {
        "type": "Point",
        "coordinates": [
          -119.215074,
          40.778122
        ]
      }
    },
    {
      "type": "Feature",
      "properties": {
        "uid": "a1XVI00000FJ0en2AD",
        "name": "Studio and Spa"
      },
      "geometry": {
        "type": "Point",
        "coordinates": [
          -119.202104,
          40.774519
        ]
      }
    },
    {
      "type": "Feature",
      "properties": {
        "uid": "a1XVI00000FJ1RB2A1",
        "name": "Xpat Alien"
      },
      "geometry": {
        "type": "Point",
        "coordinates": [
          -119.218847,
          40.77808
        ]
      }
    },
    {
      "type": "Feature",
      "properties": {
        "uid": "a1XVI00000FJ1iv2AD",
        "name": "Hakuna Matata"
      },
      "geometry": {
        "type": "Point",
        "coordinates": [
          -119.213934,
          40.795439
        ]
      }
    },
    {
      "type": "Feature",
      "properties": {
        "uid": "a1XVI00000FJ1uD2AT",
        "name": "Servants of the Secret Fire"
      },
      "geometry": {
        "type": "Point",
        "coordinates": [
          -119.221006,
          40.791147
        ]
      }
    },
    {
      "type": "Feature",
      "properties": {
        "uid": "a1XVI00000FJ2DZ2A1",
        "name": "Bone Voyage"
      },
      "geometry": {
        "type": "Point",
        "coordinates": [
          -119.223771,
          40.784682
        ]
      }
    },
    {
      "type": "Feature",
      "properties": {
        "uid": "a1XVI00000FJ2FB2A1",
        "name": "Hello, Brooklyn"
      },
      "geometry": {
        "type": "Point",
        "coordinates": [
          -119.205911,
          40.773521
        ]
      }
    },
    {
      "type": "Feature",
      "properties": {
        "uid": "a1XVI00000FJ2Gn2AL",
        "name": "Wetspot"
      },
      "geometry": {
        "type": "Point",
        "coordinates": [
          -119.208805,
          40.77463
        ]
      }
    },
    {
      "type": "Feature",
      "properties": {
        "uid": "a1XVI00000FJ2K12AL",
        "name": "Sunrise Tavern"
      },
      "geometry": {
        "type": "Point",
        "coordinates": [
          -119.194548,
          40.777875
        ]
      }
    },
    {
      "type": "Feature",
      "properties": {
        "uid": "a1XVI00000FJ2bl2AD",
        "name": "Star Jelly"
      },
      "geometry": {
        "type": "Point",
        "coordinates": [
          -119.221189,
          40.775643
        ]
      }
    },
    {
      "type": "Feature",
      "properties": {
        "uid": "a1XVI00000FJFwG2AX",
        "name": "Pickleback Oasis"
      },
      "geometry": {
        "type": "Point",
        "coordinates": [
          -119.216866,
          40.777379
        ]
      }
    },
    {
      "type": "Feature",
      "properties": {
        "uid": "a1XVI00000FJImz2AH",
        "name": "Reno Housewives"
      },
      "geometry": {
        "type": "Point",
        "coordinates": [
          -119.220451,
          40.781191
        ]
      }
    },
    {
      "type": "Feature",
      "properties": {
        "uid": "a1XVI00000FJNMr2AP",
        "name": "VW Bus Camp"
      },
      "geometry": {
        "type": "Point",
        "coordinates": [
          -119.201123,
          40.773807
        ]
      }
    },
    {
      "type": "Feature",
      "properties": {
        "uid": "a1XVI00000FJNmf2AH",
        "name": "Glorious Gilded Alchemy"
      },
      "geometry": {
        "type": "Point",
        "coordinates": [
          -119.206076,
          40.773934
        ]
      }
    },
    {
      "type": "Feature",
      "properties": {
        "uid": "a1XVI00000FJNxx2AH",
        "name": "Embers"
      },
      "geometry": {
        "type": "Point",
        "coordinates": [
          -119.208365,
          40.775056
        ]
      }
    },
    {
      "type": "Feature",
      "properties": {
        "uid": "a1XVI00000FJNzZ2AX",
        "name": "Blood & Sugar"
      },
      "geometry": {
        "type": "Point",
        "coordinates": [
          -119.196038,
          40.774974
        ]
      }
    },
    {
      "type": "Feature",
      "properties": {
        "uid": "a1XVI00000FJSET2A5",
        "name": "Kinky Pizza"
      },
      "geometry": {
        "type": "Point",
        "coordinates": [
          -119.195689,
          40.77816
        ]
      }
    },
    {
      "type": "Feature",
      "properties": {
        "uid": "a1XVI00000FJUUn2AP",
        "name": "Dusty Beavers"
      },
      "geometry": {
        "type": "Point",
        "coordinates": [
          -119.213426,
          40.771983
        ]
      }
    },
    {
      "type": "Feature",
      "properties": {
        "uid": "a1XVI00000FJWl72AH",
        "name": "Pinhole Project"
      },
      "geometry": {
        "type": "Point",
        "coordinates": [
          -119.198988,
          40.777312
        ]
      }
    },
    {
      "type": "Feature",
      "properties": {
        "uid": "a1XVI00000FJWmj2AH",
        "name": "Endstation"
      },
      "geometry": {
        "type": "Point",
        "coordinates": [
          -119.220528,
          40.795437
        ]
      }
    },
    {
      "type": "Feature",
      "properties": {
        "uid": "a1XVI00000FJZMP2A5",
        "name": "Atomic Octopus"
      },
      "geometry": {
        "type": "Point",
        "coordinates": [
          -119.201046,
          40.775896
        ]
      }
    },
    {
      "type": "Feature",
      "properties": {
        "uid": "a1XVI00000FJZiz2AH",
        "name": "Ashram Galactica"
      },
      "geometry": {
        "type": "Point",
        "coordinates": [
          -119.22323,
          40.793474
        ]
      }
    },
    {
      "type": "Feature",
      "properties": {
        "uid": "a1XVI00000FJZnp2AH",
        "name": "Honey Pot Tea House"
      },
      "geometry": {
        "type": "Point",
        "coordinates": [
          -119.208214,
          40.770514
        ]
      }
    },
    {
      "type": "Feature",
      "properties": {
        "uid": "a1XVI00000FJa8n2AD",
        "name": "I Taste Purple"
      },
      "geometry": {
        "type": "Point",
        "coordinates": [
          -119.222049,
          40.781244
        ]
      }
    },
    {
      "type": "Feature",
      "properties": {
        "uid": "a1XVI00000FJaQX2A1",
        "name": "Apokalyptika"
      },
      "geometry": {
        "type": "Point",
        "coordinates": [
          -119.217782,
          40.786762
        ]
      }
    },
    {
      "type": "Feature",
      "properties": {
        "uid": "a1XVI00000FJaTl2AL",
        "name": "Bad Asstronauts"
      },
      "geometry": {
        "type": "Point",
        "coordinates": [
          -119.219151,
          40.783872
        ]
      }
    },
    {
      "type": "Feature",
      "properties": {
        "uid": "a1XVI00000FJaVN2A1",
        "name": "Camp Come Find Us CCFU"
      },
      "geometry": {
        "type": "Point",
        "coordinates": [
          -119.201198,
          40.775816
        ]
      }
    },
    {
      "type": "Feature",
      "properties": {
        "uid": "a1XVI00000FJadR2AT",
        "name": "Kamp Kit"
      },
      "geometry": {
        "type": "Point",
        "coordinates": [
          -119.202187,
          40.775355
        ]
      }
    },
    {
      "type": "Feature",
      "properties": {
        "uid": "a1XVI00000FJbKz2AL",
        "name": "Teddies"
      },
      "geometry": {
        "type": "Point",
        "coordinates": [
          -119.208739,
          40.774229
        ]
      }
    },
    {
      "type": "Feature",
      "properties": {
        "uid": "a1XVI00000FJbOD2A1",
        "name": "Cognitive Research Institute"
      },
      "geometry": {
        "type": "Point",
        "coordinates": [
          -119.220699,
          40.782473
        ]
      }
    },
    {
      "type": "Feature",
      "properties": {
        "uid": "a1XVI00000FJbPp2AL",
        "name": "Some Camp!"
      },
      "geometry": {
        "type": "Point",
        "coordinates": [
          -119.217179,
          40.779018
        ]
      }
    },
    {
      "type": "Feature",
      "properties": {
        "uid": "a1XVI00000FJeXN2A1",
        "name": "Shenanigans"
      },
      "geometry": {
        "type": "Point",
        "coordinates": [
          -119.206592,
          40.771954
        ]
      }
    },
    {
      "type": "Feature",
      "properties": {
        "uid": "a1XVI00000FJkCz2AL",
        "name": "Stoop City"
      },
      "geometry": {
        "type": "Point",
        "coordinates": [
          -119.207537,
          40.772711
        ]
      }
    },
    {
      "type": "Feature",
      "properties": {
        "uid": "a1XVI00000FJkGD2A1",
        "name": "Parliament Art Crew"
      },
      "geometry": {
        "type": "Point",
        "coordinates": [
          -119.218707,
          40.780588
        ]
      }
    },
    {
      "type": "Feature",
      "properties": {
        "uid": "a1XVI00000FJlXF2A1",
        "name": "Cereal Thrillers"
      },
      "geometry": {
        "type": "Point",
        "coordinates": [
          -119.215646,
          40.778327
        ]
      }
    },
    {
      "type": "Feature",
      "properties": {
        "uid": "a1XVI00000FJmMr2AL",
        "name": "Camp Orange"
      },
      "geometry": {
        "type": "Point",
        "coordinates": [
          -119.213461,
          40.775228
        ]
      }
    },
    {
      "type": "Feature",
      "properties": {
        "uid": "a1XVI00000FJmpt2AD",
        "name": "Cosplay Central"
      },
      "geometry": {
        "type": "Point",
        "coordinates": [
          -119.221354,
          40.775813
        ]
      }
    },
    {
      "type": "Feature",
      "properties": {
        "uid": "a1XVI00000FJnu12AD",
        "name": "Camp Home"
      },
      "geometry": {
        "type": "Point",
        "coordinates": [
          -119.217832,
          40.783578
        ]
      }
    },
    {
      "type": "Feature",
      "properties": {
        "uid": "a1XVI00000FJoi12AD",
        "name": "The Dusty Nuts Tavern"
      },
      "geometry": {
        "type": "Point",
        "coordinates": [
          -119.198743,
          40.779393
        ]
      }
    },
    {
      "type": "Feature",
      "properties": {
        "uid": "a1XVI00000FJp852AD",
        "name": "ta-keel-ya or ta-heal-ya"
      },
      "geometry": {
        "type": "Point",
        "coordinates": [
          -119.221046,
          40.787704
        ]
      }
    },
    {
      "type": "Feature",
      "properties": {
        "uid": "a1XVI00000FJpRB2A1",
        "name": "Slow the Fuck Down"
      },
      "geometry": {
        "type": "Point",
        "coordinates": [
          -119.220614,
          40.778897
        ]
      }
    },
    {
      "type": "Feature",
      "properties": {
        "uid": "a1XVI00000FJpSn2AL",
        "name": "Camp Ply Curious"
      },
      "geometry": {
        "type": "Point",
        "coordinates": [
          -119.215249,
          40.778309
        ]
      }
    },
    {
      "type": "Feature",
      "properties": {
        "uid": "a1XVI00000FJswv2AD",
        "name": "Yabba Dabba Do Me"
      },
      "geometry": {
        "type": "Point",
        "coordinates": [
          -119.20096,
          40.776388
        ]
      }
    },
    {
      "type": "Feature",
      "properties": {
        "uid": "a1XVI00000FJt092AD",
        "name": "WHOMP WAGON"
      },
      "geometry": {
        "type": "Point",
        "coordinates": [
          -119.21477,
          40.796806
        ]
      }
    },
    {
      "type": "Feature",
      "properties": {
        "uid": "a1XVI00000FJtub2AD",
        "name": "Hiburnia"
      },
      "geometry": {
        "type": "Point",
        "coordinates": [
          -119.224152,
          40.792342
        ]
      }
    },
    {
      "type": "Feature",
      "properties": {
        "uid": "a1XVI00000FJuQr2AL",
        "name": "PhoCureBurn"
      },
      "geometry": {
        "type": "Point",
        "coordinates": [
          -119.208541,
          40.773778
        ]
      }
    },
    {
      "type": "Feature",
      "properties": {
        "uid": "a1XVI00000FJuST2A1",
        "name": "Pandora's Lounge & Fix-it Shoppe"
      },
      "geometry": {
        "type": "Point",
        "coordinates": [
          -119.216018,
          40.778269
        ]
      }
    },
    {
      "type": "Feature",
      "properties": {
        "uid": "a1XVI00000FJxBp2AL",
        "name": "Dicey Side Quests"
      },
      "geometry": {
        "type": "Point",
        "coordinates": [
          -119.221101,
          40.781583
        ]
      }
    },
    {
      "type": "Feature",
      "properties": {
        "uid": "a1XVI00000FK1CD2A1",
        "name": "Maybe You Should Talk To Someone"
      },
      "geometry": {
        "type": "Point",
        "coordinates": [
          -119.208876,
          40.7727
        ]
      }
    },
    {
      "type": "Feature",
      "properties": {
        "uid": "a1XVI00000FK1NV2A1",
        "name": "Skinny Kitty Teahouse"
      },
      "geometry": {
        "type": "Point",
        "coordinates": [
          -119.196642,
          40.775596
        ]
      }
    },
    {
      "type": "Feature",
      "properties": {
        "uid": "a1XVI00000FK1P72AL",
        "name": "Galactic Cruzaders"
      },
      "geometry": {
        "type": "Point",
        "coordinates": [
          -119.222222,
          40.776518
        ]
      }
    },
    {
      "type": "Feature",
      "properties": {
        "uid": "a1XVI00000FK1Yn2AL",
        "name": "Mudskippers"
      },
      "geometry": {
        "type": "Point",
        "coordinates": [
          -119.219104,
          40.779561
        ]
      }
    },
    {
      "type": "Feature",
      "properties": {
        "uid": "a1XVI00000FK1gr2AD",
        "name": "Mechanical Garden"
      },
      "geometry": {
        "type": "Point",
        "coordinates": [
          -119.211206,
          40.770848
        ]
      }
    },
    {
      "type": "Feature",
      "properties": {
        "uid": "a1XVI00000FK1nJ2AT",
        "name": "Yummy RUMInations"
      },
      "geometry": {
        "type": "Point",
        "coordinates": [
          -119.207156,
          40.769678
        ]
      }
    },
    {
      "type": "Feature",
      "properties": {
        "uid": "a1XVI00000FK1qX2AT",
        "name": "Only mEmbers"
      },
      "geometry": {
        "type": "Point",
        "coordinates": [
          -119.221061,
          40.774313
        ]
      }
    },
    {
      "type": "Feature",
      "properties": {
        "uid": "a1XVI00000FK1wz2AD",
        "name": "Children of Chaos"
      },
      "geometry": {
        "type": "Point",
        "coordinates": [
          -119.219647,
          40.779309
        ]
      }
    },
    {
      "type": "Feature",
      "properties": {
        "uid": "a1XVI00000FK1yb2AD",
        "name": "Interaction Café"
      },
      "geometry": {
        "type": "Point",
        "coordinates": [
          -119.201742,
          40.77555
        ]
      }
    },
    {
      "type": "Feature",
      "properties": {
        "uid": "a1XVI00000FK26f2AD",
        "name": "You Light Up My Ride"
      },
      "geometry": {
        "type": "Point",
        "coordinates": [
          -119.221554,
          40.786918
        ]
      }
    },
    {
      "type": "Feature",
      "properties": {
        "uid": "a1XVI00000FK2BV2A1",
        "name": "Jelly Dance"
      },
      "geometry": {
        "type": "Point",
        "coordinates": [
          -119.208145,
          40.772401
        ]
      }
    },
    {
      "type": "Feature",
      "properties": {
        "uid": "a1XVI00000FK2D72AL",
        "name": "Camp Nope"
      },
      "geometry": {
        "type": "Point",
        "coordinates": [
          -119.214555,
          40.776344
        ]
      }
    },
    {
      "type": "Feature",
      "properties": {
        "uid": "a1XVI00000FK2GL2A1",
        "name": "Spec-Taters"
      },
      "geometry": {
        "type": "Point",
        "coordinates": [
          -119.217337,
          40.788672
        ]
      }
    },
    {
      "type": "Feature",
      "properties": {
        "uid": "a1XVI00000FK2Hx2AL",
        "name": "Totally 80s Disco Aerobic Inferno"
      },
      "geometry": {
        "type": "Point",
        "coordinates": [
          -119.220669,
          40.784272
        ]
      }
    },
    {
      "type": "Feature",
      "properties": {
        "uid": "a1XVI00000FK2Mn2AL",
        "name": "Camp Emergency"
      },
      "geometry": {
        "type": "Point",
        "coordinates": [
          -119.218797,
          40.785686
        ]
      }
    },
    {
      "type": "Feature",
      "properties": {
        "uid": "a1XVI00000FK2OP2A1",
        "name": "Sunset Lounge"
      },
      "geometry": {
        "type": "Point",
        "coordinates": [
          -119.214747,
          40.791591
        ]
      }
    },
    {
      "type": "Feature",
      "properties": {
        "uid": "a1XVI00000FK2Q12AL",
        "name": "Camp Shutterbuggy"
      },
      "geometry": {
        "type": "Point",
        "coordinates": [
          -119.222804,
          40.781093
        ]
      }
    },
    {
      "type": "Feature",
      "properties": {
        "uid": "a1XVI00000FK2Rd2AL",
        "name": "Birthday Camp"
      },
      "geometry": {
        "type": "Point",
        "coordinates": [
          -119.218168,
          40.777384
        ]
      }
    },
    {
      "type": "Feature",
      "properties": {
        "uid": "a1XVI00000FK2TF2A1",
        "name": "Misfits Menagerie"
      },
      "geometry": {
        "type": "Point",
        "coordinates": [
          -119.220927,
          40.777751
        ]
      }
    },
    {
      "type": "Feature",
      "properties": {
        "uid": "a1XVI00000FK2WT2A1",
        "name": "The Lost Penguins"
      },
      "geometry": {
        "type": "Point",
        "coordinates": [
          -119.217478,
          40.784905
        ]
      }
    },
    {
      "type": "Feature",
      "properties": {
        "uid": "a1XVI00000FK2Zh2AL",
        "name": "Rootpile"
      },
      "geometry": {
        "type": "Point",
        "coordinates": [
          -119.220285,
          40.786909
        ]
      }
    },
    {
      "type": "Feature",
      "properties": {
        "uid": "a1XVI00000FK2eX2AT",
        "name": "Wild Child"
      },
      "geometry": {
        "type": "Point",
        "coordinates": [
          -119.214498,
          40.777759
        ]
      }
    },
    {
      "type": "Feature",
      "properties": {
        "uid": "a1XVI00000FK2g92AD",
        "name": "Camp NOT a Cult!"
      },
      "geometry": {
        "type": "Point",
        "coordinates": [
          -119.203198,
          40.775444
        ]
      }
    },
    {
      "type": "Feature",
      "properties": {
        "uid": "a1XVI00000FK2hl2AD",
        "name": "No Drama Camp"
      },
      "geometry": {
        "type": "Point",
        "coordinates": [
          -119.205368,
          40.772792
        ]
      }
    },
    {
      "type": "Feature",
      "properties": {
        "uid": "a1XVI00000FK2jN2AT",
        "name": "Gravity"
      },
      "geometry": {
        "type": "Point",
        "coordinates": [
          -119.199517,
          40.772804
        ]
      }
    },
    {
      "type": "Feature",
      "properties": {
        "uid": "a1XVI00000FK2kz2AD",
        "name": "Camp Peace of Ass"
      },
      "geometry": {
        "type": "Point",
        "coordinates": [
          -119.197826,
          40.777107
        ]
      }
    },
    {
      "type": "Feature",
      "properties": {
        "uid": "a1XVI00000FK2mb2AD",
        "name": "Unnecessarily High Five"
      },
      "geometry": {
        "type": "Point",
        "coordinates": [
          -119.205094,
          40.774287
        ]
      }
    },
    {
      "type": "Feature",
      "properties": {
        "uid": "a1XVI00000FK2oD2AT",
        "name": "Insomnophilia"
      },
      "geometry": {
        "type": "Point",
        "coordinates": [
          -119.218684,
          40.788548
        ]
      }
    },
    {
      "type": "Feature",
      "properties": {
        "uid": "a1XVI00000FK2pp2AD",
        "name": "SoundCloud"
      },
      "geometry": {
        "type": "Point",
        "coordinates": [
          -119.214396,
          40.79263
        ]
      }
    },
    {
      "type": "Feature",
      "properties": {
        "uid": "a1XVI00000FK2t32AD",
        "name": "Camp Orange Heart"
      },
      "geometry": {
        "type": "Point",
        "coordinates": [
          -119.217752,
          40.775362
        ]
      }
    },
    {
      "type": "Feature",
      "properties": {
        "uid": "a1XVI00000FK3Nh2AL",
        "name": "Acorn Oasis"
      },
      "geometry": {
        "type": "Point",
        "coordinates": [
          -119.221505,
          40.776939
        ]
      }
    },
    {
      "type": "Feature",
      "properties": {
        "uid": "a1XVI00000FK3h32AD",
        "name": "F.U.Ego Stage Bar & Lounge"
      },
      "geometry": {
        "type": "Point",
        "coordinates": [
          -119.220146,
          40.783582
        ]
      }
    },
    {
      "type": "Feature",
      "properties": {
        "uid": "a1XVI00000FK5R72AL",
        "name": "Erotic Inclination Photo Studio"
      },
      "geometry": {
        "type": "Point",
        "coordinates": [
          -119.194092,
          40.772481
        ]
      }
    },
    {
      "type": "Feature",
      "properties": {
        "uid": "a1XVI00000FK8Qb2AL",
        "name": "Astro Cats"
      },
      "geometry": {
        "type": "Point",
        "coordinates": [
          -119.218545,
          40.785056
        ]
      }
    },
    {
      "type": "Feature",
      "properties": {
        "uid": "a1XVI00000FKBt72AH",
        "name": "Second Wind Pirate Cafe"
      },
      "geometry": {
        "type": "Point",
        "coordinates": [
          -119.219958,
          40.77432
        ]
      }
    },
    {
      "type": "Feature",
      "properties": {
        "uid": "a1XVI00000FKEj92AH",
        "name": "Black Rock Sauna Society"
      },
      "geometry": {
        "type": "Point",
        "coordinates": [
          -119.220396,
          40.774446
        ]
      }
    },
    {
      "type": "Feature",
      "properties": {
        "uid": "a1XVI00000FKFqH2AX",
        "name": "Leopard Martini Lounge"
      },
      "geometry": {
        "type": "Point",
        "coordinates": [
          -119.212942,
          40.775888
        ]
      }
    },
    {
      "type": "Feature",
      "properties": {
        "uid": "a1XVI00000FKGWD2A5",
        "name": "The Last Starfighters"
      },
      "geometry": {
        "type": "Point",
        "coordinates": [
          -119.198985,
          40.77512
        ]
      }
    },
    {
      "type": "Feature",
      "properties": {
        "uid": "a1XVI00000FKIGH2A5",
        "name": "FAFA Camp"
      },
      "geometry": {
        "type": "Point",
        "coordinates": [
          -119.212426,
          40.77374
        ]
      }
    },
    {
      "type": "Feature",
      "properties": {
        "uid": "a1XVI00000FKIcr2AH",
        "name": "G"
      },
      "geometry": {
        "type": "Point",
        "coordinates": [
          -119.214268,
          40.79436
        ]
      }
    },
    {
      "type": "Feature",
      "properties": {
        "uid": "a1XVI00000FKJST2A5",
        "name": "Brand-Ur-Ass N More"
      },
      "geometry": {
        "type": "Point",
        "coordinates": [
          -119.208604,
          40.774896
        ]
      }
    },
    {
      "type": "Feature",
      "properties": {
        "uid": "a1XVI00000FKL2r2AH",
        "name": "EYERIS"
      },
      "geometry": {
        "type": "Point",
        "coordinates": [
          -119.210882,
          40.770801
        ]
      }
    },
    {
      "type": "Feature",
      "properties": {
        "uid": "a1XVI00000FKLZ72AP",
        "name": "HOT SHOTS"
      },
      "geometry": {
        "type": "Point",
        "coordinates": [
          -119.217332,
          40.786486
        ]
      }
    },
    {
      "type": "Feature",
      "properties": {
        "uid": "a1XVI00000FKM3l2AH",
        "name": "Ofosho"
      },
      "geometry": {
        "type": "Point",
        "coordinates": [
          -119.211774,
          40.773575
        ]
      }
    },
    {
      "type": "Feature",
      "properties": {
        "uid": "a1XVI00000FKOyP2AX",
        "name": "Soulshakers"
      },
      "geometry": {
        "type": "Point",
        "coordinates": [
          -119.197729,
          40.778482
        ]
      }
    },
    {
      "type": "Feature",
      "properties": {
        "uid": "a1XVI00000FKP4r2AH",
        "name": "Kids Kamp"
      },
      "geometry": {
        "type": "Point",
        "coordinates": [
          -119.221426,
          40.776522
        ]
      }
    },
    {
      "type": "Feature",
      "properties": {
        "uid": "a1XVI00000FKPUg2AP",
        "name": "The OG Pit"
      },
      "geometry": {
        "type": "Point",
        "coordinates": [
          -119.218089,
          40.776988
        ]
      }
    },
    {
      "type": "Feature",
      "properties": {
        "uid": "a1XVI00000FKR3R2AX",
        "name": "Art Haus"
      },
      "geometry": {
        "type": "Point",
        "coordinates": [
          -119.204433,
          40.772686
        ]
      }
    },
    {
      "type": "Feature",
      "properties": {
        "uid": "a1XVI00000FKRrS2AX",
        "name": "Flat Tire Cafe"
      },
      "geometry": {
        "type": "Point",
        "coordinates": [
          -119.208314,
          40.773996
        ]
      }
    },
    {
      "type": "Feature",
      "properties": {
        "uid": "a1XVI00000FKTBh2AP",
        "name": "Frozen Oasis"
      },
      "geometry": {
        "type": "Point",
        "coordinates": [
          -119.209822,
          40.772601
        ]
      }
    },
    {
      "type": "Feature",
      "properties": {
        "uid": "a1XVI00000FKUxN2AX",
        "name": "Impromptu Tomato"
      },
      "geometry": {
        "type": "Point",
        "coordinates": [
          -119.2125,
          40.774584
        ]
      }
    },
    {
      "type": "Feature",
      "properties": {
        "uid": "a1XVI00000FKUz02AH",
        "name": "Yummm"
      },
      "geometry": {
        "type": "Point",
        "coordinates": [
          -119.20931,
          40.775014
        ]
      }
    },
    {
      "type": "Feature",
      "properties": {
        "uid": "a1XVI00000FKV5R2AX",
        "name": "Betty's Bike Shop"
      },
      "geometry": {
        "type": "Point",
        "coordinates": [
          -119.220735,
          40.783518
        ]
      }
    },
    {
      "type": "Feature",
      "properties": {
        "uid": "a1XVI00000FKVS12AP",
        "name": "Lovin' Oven"
      },
      "geometry": {
        "type": "Point",
        "coordinates": [
          -119.198766,
          40.777008
        ]
      }
    },
    {
      "type": "Feature",
      "properties": {
        "uid": "a1XVI00000FKVv32AH",
        "name": "Weird Steel"
      },
      "geometry": {
        "type": "Point",
        "coordinates": [
          -119.215462,
          40.788316
        ]
      }
    },
    {
      "type": "Feature",
      "properties": {
        "uid": "a1XVI00000FKWG12AP",
        "name": "Vomiting Sparrows"
      },
      "geometry": {
        "type": "Point",
        "coordinates": [
          -119.217964,
          40.787252
        ]
      }
    },
    {
      "type": "Feature",
      "properties": {
        "uid": "a1XVI00000FKWSv2AP",
        "name": "The Organization"
      },
      "geometry": {
        "type": "Point",
        "coordinates": [
          -119.218034,
          40.786126
        ]
      }
    },
    {
      "type": "Feature",
      "properties": {
        "uid": "a1XVI00000FKWhR2AX",
        "name": "Oh mi Gato Rat Cafe!"
      },
      "geometry": {
        "type": "Point",
        "coordinates": [
          -119.221242,
          40.781834
        ]
      }
    },
    {
      "type": "Feature",
      "properties": {
        "uid": "a1XVI00000FKa8L2AT",
        "name": "Camp Piper"
      },
      "geometry": {
        "type": "Point",
        "coordinates": [
          -119.219588,
          40.78463
        ]
      }
    },
    {
      "type": "Feature",
      "properties": {
        "uid": "a1XVI00000FKacz2AD",
        "name": "Après Ski Injury"
      },
      "geometry": {
        "type": "Point",
        "coordinates": [
          -119.196816,
          40.780045
        ]
      }
    },
    {
      "type": "Feature",
      "properties": {
        "uid": "a1XVI00000FKagD2AT",
        "name": "Under the Big Top"
      },
      "geometry": {
        "type": "Point",
        "coordinates": [
          -119.193723,
          40.772761
        ]
      }
    },
    {
      "type": "Feature",
      "properties": {
        "uid": "a1XVI00000FKahp2AD",
        "name": "Camp Shit Ain't Right"
      },
      "geometry": {
        "type": "Point",
        "coordinates": [
          -119.213919,
          40.776277
        ]
      }
    },
    {
      "type": "Feature",
      "properties": {
        "uid": "a1XVI00000FKamg2AD",
        "name": "Tac-O-Cat"
      },
      "geometry": {
        "type": "Point",
        "coordinates": [
          -119.198287,
          40.77624
        ]
      }
    },
    {
      "type": "Feature",
      "properties": {
        "uid": "a1XVI00000FKbHJ2A1",
        "name": "Hibernaculum"
      },
      "geometry": {
        "type": "Point",
        "coordinates": [
          -119.20429,
          40.775044
        ]
      }
    },
    {
      "type": "Feature",
      "properties": {
        "uid": "a1XVI00000FKbM92AL",
        "name": "706 Tribe"
      },
      "geometry": {
        "type": "Point",
        "coordinates": [
          -119.220924,
          40.774842
        ]
      }
    },
    {
      "type": "Feature",
      "properties": {
        "uid": "a1XVI00000FKbQz2AL",
        "name": "Signing Wanderers"
      },
      "geometry": {
        "type": "Point",
        "coordinates": [
          -119.218362,
          40.776344
        ]
      }
    },
    {
      "type": "Feature",
      "properties": {
        "uid": "a1XVI00000FKbqn2AD",
        "name": "Camp Blowjob"
      },
      "geometry": {
        "type": "Point",
        "coordinates": [
          -119.195684,
          40.774741
        ]
      }
    },
    {
      "type": "Feature",
      "properties": {
        "uid": "a1XVI00000FKbsP2AT",
        "name": "Loadie Camp"
      },
      "geometry": {
        "type": "Point",
        "coordinates": [
          -119.197774,
          40.780158
        ]
      }
    },
    {
      "type": "Feature",
      "properties": {
        "uid": "a1XVI00000FKbxF2AT",
        "name": "Atomic Pussy Photo Lounge"
      },
      "geometry": {
        "type": "Point",
        "coordinates": [
          -119.21545,
          40.776231
        ]
      }
    },
    {
      "type": "Feature",
      "properties": {
        "uid": "a1XVI00000FKbyr2AD",
        "name": "HeeBeeGeeBee Healers"
      },
      "geometry": {
        "type": "Point",
        "coordinates": [
          -119.222389,
          40.78824
        ]
      }
    },
    {
      "type": "Feature",
      "properties": {
        "uid": "a1XVI00000FKc0T2AT",
        "name": "Wasted Sunshine"
      },
      "geometry": {
        "type": "Point",
        "coordinates": [
          -119.221236,
          40.788141
        ]
      }
    },
    {
      "type": "Feature",
      "properties": {
        "uid": "a1XVI00000FKc252AD",
        "name": "Camp Summer Camp"
      },
      "geometry": {
        "type": "Point",
        "coordinates": [
          -119.19706,
          40.776019
        ]
      }
    },
    {
      "type": "Feature",
      "properties": {
        "uid": "a1XVI00000FKc6v2AD",
        "name": "Black Rock City Welding & Repair"
      },
      "geometry": {
        "type": "Point",
        "coordinates": [
          -119.202784,
          40.775984
        ]
      }
    },
    {
      "type": "Feature",
      "properties": {
        "uid": "a1XVI00000FKc8X2AT",
        "name": "Ataraxia"
      },
      "geometry": {
        "type": "Point",
        "coordinates": [
          -119.198875,
          40.780244
        ]
      }
    },
    {
      "type": "Feature",
      "properties": {
        "uid": "a1XVI00000FKcBl2AL",
        "name": "Mo's Mini Martini + Erotica Camp"
      },
      "geometry": {
        "type": "Point",
        "coordinates": [
          -119.215877,
          40.788805
        ]
      }
    },
    {
      "type": "Feature",
      "properties": {
        "uid": "a1XVI00000FKcDN2A1",
        "name": "BurningShip"
      },
      "geometry": {
        "type": "Point",
        "coordinates": [
          -119.219958,
          40.785344
        ]
      }
    },
    {
      "type": "Feature",
      "properties": {
        "uid": "a1XVI00000FKcEz2AL",
        "name": "Pink Lightning"
      },
      "geometry": {
        "type": "Point",
        "coordinates": [
          -119.221174,
          40.783749
        ]
      }
    },
    {
      "type": "Feature",
      "properties": {
        "uid": "a1XVI00000FKcGb2AL",
        "name": "Metal-Morphosis"
      },
      "geometry": {
        "type": "Point",
        "coordinates": [
          -119.213916,
          40.774619
        ]
      }
    },
    {
      "type": "Feature",
      "properties": {
        "uid": "a1XVI00000FKcID2A1",
        "name": "Candyland"
      },
      "geometry": {
        "type": "Point",
        "coordinates": [
          -119.208357,
          40.769896
        ]
      }
    },
    {
      "type": "Feature",
      "properties": {
        "uid": "a1XVI00000FKcLR2A1",
        "name": "Camp Shark Cage"
      },
      "geometry": {
        "type": "Point",
        "coordinates": [
          -119.215283,
          40.775697
        ]
      }
    },
    {
      "type": "Feature",
      "properties": {
        "uid": "a1XVI00000FKcV72AL",
        "name": "Combat Zone"
      },
      "geometry": {
        "type": "Point",
        "coordinates": [
          -119.213221,
          40.789922
        ]
      }
    },
    {
      "type": "Feature",
      "properties": {
        "uid": "a1XVI00000FKcYL2A1",
        "name": "Red Nose District"
      },
      "geometry": {
        "type": "Point",
        "coordinates": [
          -119.209966,
          40.775939
        ]
      }
    },
    {
      "type": "Feature",
      "properties": {
        "uid": "a1XVI00000FKcbZ2AT",
        "name": "NO STAIRWAY TO HEAVEN"
      },
      "geometry": {
        "type": "Point",
        "coordinates": [
          -119.21588,
          40.792358
        ]
      }
    },
    {
      "type": "Feature",
      "properties": {
        "uid": "a1XVI00000FKcgP2AT",
        "name": "Indigo's Speakeasy"
      },
      "geometry": {
        "type": "Point",
        "coordinates": [
          -119.203703,
          40.77408
        ]
      }
    },
    {
      "type": "Feature",
      "properties": {
        "uid": "a1XVI00000FKcoT2AT",
        "name": "Memento Mori"
      },
      "geometry": {
        "type": "Point",
        "coordinates": [
          -119.208645,
          40.769838
        ]
      }
    },
    {
      "type": "Feature",
      "properties": {
        "uid": "a1XVI00000FKctJ2AT",
        "name": "Sian Kamp"
      },
      "geometry": {
        "type": "Point",
        "coordinates": [
          -119.20365,
          40.775669
        ]
      }
    },
    {
      "type": "Feature",
      "properties": {
        "uid": "a1XVI00000FKd9R2AT",
        "name": "Oh No You Didn't!"
      },
      "geometry": {
        "type": "Point",
        "coordinates": [
          -119.213894,
          40.790588
        ]
      }
    },
    {
      "type": "Feature",
      "properties": {
        "uid": "a1XVI00000FKdB32AL",
        "name": "Amateur Hour Playa Pub"
      },
      "geometry": {
        "type": "Point",
        "coordinates": [
          -119.197485,
          40.780491
        ]
      }
    },
    {
      "type": "Feature",
      "properties": {
        "uid": "a1XVI00000FKdCf2AL",
        "name": "HealAF"
      },
      "geometry": {
        "type": "Point",
        "coordinates": [
          -119.218485,
          40.77583
        ]
      }
    },
    {
      "type": "Feature",
      "properties": {
        "uid": "a1XVI00000FKdHV2A1",
        "name": "Camp Bean Water"
      },
      "geometry": {
        "type": "Point",
        "coordinates": [
          -119.217829,
          40.777524
        ]
      }
    },
    {
      "type": "Feature",
      "properties": {
        "uid": "a1XVI00000FKdJ72AL",
        "name": "Inappropirates"
      },
      "geometry": {
        "type": "Point",
        "coordinates": [
          -119.218892,
          40.783548
        ]
      }
    },
    {
      "type": "Feature",
      "properties": {
        "uid": "a1XVI00000FKdKj2AL",
        "name": "Intergalactic"
      },
      "geometry": {
        "type": "Point",
        "coordinates": [
          -119.192022,
          40.778776
        ]
      }
    },
    {
      "type": "Feature",
      "properties": {
        "uid": "a1XVI00000FKdML2A1",
        "name": "What Would You Do For A Pickle?"
      },
      "geometry": {
        "type": "Point",
        "coordinates": [
          -119.214496,
          40.77156
        ]
      }
    },
    {
      "type": "Feature",
      "properties": {
        "uid": "a1XVI00000FKdNx2AL",
        "name": "The Enclave"
      },
      "geometry": {
        "type": "Point",
        "coordinates": [
          -119.219231,
          40.777901
        ]
      }
    },
    {
      "type": "Feature",
      "properties": {
        "uid": "a1XVI00000FKdRB2A1",
        "name": "Barbie Death Village"
      },
      "geometry": {
        "type": "Point",
        "coordinates": [
          -119.215221,
          40.774976
        ]
      }
    },
    {
      "type": "Feature",
      "properties": {
        "uid": "a1XVI00000FKdSn2AL",
        "name": "Twats Your Gender?"
      },
      "geometry": {
        "type": "Point",
        "coordinates": [
          -119.212337,
          40.792033
        ]
      }
    },
    {
      "type": "Feature",
      "properties": {
        "uid": "a1XVI00000FKdUP2A1",
        "name": "Afterglow"
      },
      "geometry": {
        "type": "Point",
        "coordinates": [
          -119.209035,
          40.773171
        ]
      }
    },
    {
      "type": "Feature",
      "properties": {
        "uid": "a1XVI00000FKdXd2AL",
        "name": "M*A*S*H 4207th"
      },
      "geometry": {
        "type": "Point",
        "coordinates": [
          -119.20162,
          40.776031
        ]
      }
    },
    {
      "type": "Feature",
      "properties": {
        "uid": "a1XVI00000FKdZF2A1",
        "name": "Pookah Lounge/SNAFUBAR"
      },
      "geometry": {
        "type": "Point",
        "coordinates": [
          -119.222159,
          40.7824
        ]
      }
    },
    {
      "type": "Feature",
      "properties": {
        "uid": "a1XVI00000FKgX72AL",
        "name": "Horny Camp"
      },
      "geometry": {
        "type": "Point",
        "coordinates": [
          -119.218012,
          40.787916
        ]
      }
    },
    {
      "type": "Feature",
      "properties": {
        "uid": "a1XVI00000FKk2r2AD",
        "name": "Burning Band Camp"
      },
      "geometry": {
        "type": "Point",
        "coordinates": [
          -119.217161,
          40.781223
        ]
      }
    },
    {
      "type": "Feature",
      "properties": {
        "uid": "a1XVI00000FKlYR2A1",
        "name": "Hydration Station"
      },
      "geometry": {
        "type": "Point",
        "coordinates": [
          -119.208047,
          40.772777
        ]
      }
    },
    {
      "type": "Feature",
      "properties": {
        "uid": "a1XVI00000FKmRF2A1",
        "name": "Oral Fixation"
      },
      "geometry": {
        "type": "Point",
        "coordinates": [
          -119.19,
          40.777918
        ]
      }
    },
    {
      "type": "Feature",
      "properties": {
        "uid": "a1XVI00000FKmnp2AD",
        "name": "Popsicle Bahrrr"
      },
      "geometry": {
        "type": "Point",
        "coordinates": [
          -119.196283,
          40.780476
        ]
      }
    },
    {
      "type": "Feature",
      "properties": {
        "uid": "a1XVI00000FKmpR2AT",
        "name": "Naked Heart"
      },
      "geometry": {
        "type": "Point",
        "coordinates": [
          -119.220089,
          40.775625
        ]
      }
    },
    {
      "type": "Feature",
      "properties": {
        "uid": "a1XVI00000FKmr32AD",
        "name": "Bitchin' Braid Camp"
      },
      "geometry": {
        "type": "Point",
        "coordinates": [
          -119.194759,
          40.774292
        ]
      }
    },
    {
      "type": "Feature",
      "properties": {
        "uid": "a1XVI00000FKmuH2AT",
        "name": "Mouse House"
      },
      "geometry": {
        "type": "Point",
        "coordinates": [
          -119.220199,
          40.782237
        ]
      }
    },
    {
      "type": "Feature",
      "properties": {
        "uid": "a1XVI00000FKn0j2AD",
        "name": "DeMentha"
      },
      "geometry": {
        "type": "Point",
        "coordinates": [
          -119.200667,
          40.777022
        ]
      }
    },
    {
      "type": "Feature",
      "properties": {
        "uid": "a1XVI00000FKn3x2AD",
        "name": "Latica"
      },
      "geometry": {
        "type": "Point",
        "coordinates": [
          -119.202589,
          40.774774
        ]
      }
    },
    {
      "type": "Feature",
      "properties": {
        "uid": "a1XVI00000FKn7B2AT",
        "name": "Unitopia"
      },
      "geometry": {
        "type": "Point",
        "coordinates": [
          -119.213652,
          40.791577
        ]
      }
    },
    {
      "type": "Feature",
      "properties": {
        "uid": "a1XVI00000FKn8n2AD",
        "name": "Habitat for Insanity"
      },
      "geometry": {
        "type": "Point",
        "coordinates": [
          -119.21111,
          40.772783
        ]
      }
    },
    {
      "type": "Feature",
      "properties": {
        "uid": "a1XVI00000FKnAP2A1",
        "name": "Midnight Roast"
      },
      "geometry": {
        "type": "Point",
        "coordinates": [
          -119.195989,
          40.780506
        ]
      }
    },
    {
      "type": "Feature",
      "properties": {
        "uid": "a1XVI00000FKnC12AL",
        "name": "Better Together"
      },
      "geometry": {
        "type": "Point",
        "coordinates": [
          -119.216329,
          40.792674
        ]
      }
    },
    {
      "type": "Feature",
      "properties": {
        "uid": "a1XVI00000FKnDd2AL",
        "name": "The Alphabet Cookout"
      },
      "geometry": {
        "type": "Point",
        "coordinates": [
          -119.218995,
          40.776941
        ]
      }
    },
    {
      "type": "Feature",
      "properties": {
        "uid": "a1XVI00000FKnFF2A1",
        "name": "Vagabonds & Tagalongs"
      },
      "geometry": {
        "type": "Point",
        "coordinates": [
          -119.220356,
          40.779724
        ]
      }
    },
    {
      "type": "Feature",
      "properties": {
        "uid": "a1XVI00000FKnLh2AL",
        "name": "Best Year Yet"
      },
      "geometry": {
        "type": "Point",
        "coordinates": [
          -119.215503,
          40.788688
        ]
      }
    },
    {
      "type": "Feature",
      "properties": {
        "uid": "a1XVI00000FKnNJ2A1",
        "name": "U.F.O."
      },
      "geometry": {
        "type": "Point",
        "coordinates": [
          -119.222767,
          40.785174
        ]
      }
    },
    {
      "type": "Feature",
      "properties": {
        "uid": "a1XVI00000FKnOv2AL",
        "name": "Snow Cone Zone"
      },
      "geometry": {
        "type": "Point",
        "coordinates": [
          -119.217054,
          40.776919
        ]
      }
    },
    {
      "type": "Feature",
      "properties": {
        "uid": "a1XVI00000FKnTl2AL",
        "name": "Branding & Booze"
      },
      "geometry": {
        "type": "Point",
        "coordinates": [
          -119.219672,
          40.781126
        ]
      }
    },
    {
      "type": "Feature",
      "properties": {
        "uid": "a1XVI00000FKnVN2A1",
        "name": "Stag Camp"
      },
      "geometry": {
        "type": "Point",
        "coordinates": [
          -119.215459,
          40.791226
        ]
      }
    },
    {
      "type": "Feature",
      "properties": {
        "uid": "a1XVI00000FKnWz2AL",
        "name": "Lit AF"
      },
      "geometry": {
        "type": "Point",
        "coordinates": [
          -119.199062,
          40.77847
        ]
      }
    },
    {
      "type": "Feature",
      "properties": {
        "uid": "a1XVI00000FKnYb2AL",
        "name": "BRC3PO (BRC 3:00 Post Office)"
      },
      "geometry": {
        "type": "Point",
        "coordinates": [
          -119.199937,
          40.776466
        ]
      }
    },
    {
      "type": "Feature",
      "properties": {
        "uid": "a1XVI00000FKnaD2AT",
        "name": "The Pink Spot"
      },
      "geometry": {
        "type": "Point",
        "coordinates": [
          -119.202998,
          40.77239
        ]
      }
    },
    {
      "type": "Feature",
      "properties": {
        "uid": "a1XVI00000FKnbp2AD",
        "name": "Here"
      },
      "geometry": {
        "type": "Point",
        "coordinates": [
          -119.214796,
          40.79106
        ]
      }
    },
    {
      "type": "Feature",
      "properties": {
        "uid": "a1XVI00000FKnf32AD",
        "name": "Camp [No Name]"
      },
      "geometry": {
        "type": "Point",
        "coordinates": [
          -119.222771,
          40.781829
        ]
      }
    },
    {
      "type": "Feature",
      "properties": {
        "uid": "a1XVI00000FKniH2AT",
        "name": "Camp Kerosene"
      },
      "geometry": {
        "type": "Point",
        "coordinates": [
          -119.215233,
          40.776099
        ]
      }
    },
    {
      "type": "Feature",
      "properties": {
        "uid": "a1XVI00000FKnjt2AD",
        "name": "The Key Camp"
      },
      "geometry": {
        "type": "Point",
        "coordinates": [
          -119.199127,
          40.775031
        ]
      }
    },
    {
      "type": "Feature",
      "properties": {
        "uid": "a1XVI00000FKnlV2AT",
        "name": "IHOTT: After Dark"
      },
      "geometry": {
        "type": "Point",
        "coordinates": [
          -119.217077,
          40.788224
        ]
      }
    },
    {
      "type": "Feature",
      "properties": {
        "uid": "a1XVI00000FKnn72AD",
        "name": "Quarks and Recreation"
      },
      "geometry": {
        "type": "Point",
        "coordinates": [
          -119.21903,
          40.781901
        ]
      }
    },
    {
      "type": "Feature",
      "properties": {
        "uid": "a1XVI00000FKnoj2AD",
        "name": "17 Virgins"
      },
      "geometry": {
        "type": "Point",
        "coordinates": [
          -119.214648,
          40.789946
        ]
      }
    },
    {
      "type": "Feature",
      "properties": {
        "uid": "a1XVI00000FKnqL2AT",
        "name": "Celestial Tea Garden"
      },
      "geometry": {
        "type": "Point",
        "coordinates": [
          -119.219907,
          40.789342
        ]
      }
    },
    {
      "type": "Feature",
      "properties": {
        "uid": "a1XVI00000FKnvB2AT",
        "name": "STEEP?"
      },
      "geometry": {
        "type": "Point",
        "coordinates": [
          -119.219113,
          40.786323
        ]
      }
    },
    {
      "type": "Feature",
      "properties": {
        "uid": "a1XVI00000FKnwn2AD",
        "name": "Fatwatt"
      },
      "geometry": {
        "type": "Point",
        "coordinates": [
          -119.203146,
          40.77492
        ]
      }
    },
    {
      "type": "Feature",
      "properties": {
        "uid": "a1XVI00000FKo012AD",
        "name": "badlands"
      },
      "geometry": {
        "type": "Point",
        "coordinates": [
          -119.2163,
          40.793749
        ]
      }
    },
    {
      "type": "Feature",
      "properties": {
        "uid": "a1XVI00000FKo1d2AD",
        "name": "The Fluffy Cloud"
      },
      "geometry": {
        "type": "Point",
        "coordinates": [
          -119.213289,
          40.796271
        ]
      }
    },
    {
      "type": "Feature",
      "properties": {
        "uid": "a1XVI00000FKo3F2AT",
        "name": "Brainiac Camp"
      },
      "geometry": {
        "type": "Point",
        "coordinates": [
          -119.220464,
          40.775517
        ]
      }
    },
    {
      "type": "Feature",
      "properties": {
        "uid": "a1XVI00000FKo6T2AT",
        "name": "I Love Elephants"
      },
      "geometry": {
        "type": "Point",
        "coordinates": [
          -119.200481,
          40.77839
        ]
      }
    },
    {
      "type": "Feature",
      "properties": {
        "uid": "a1XVI00000FKoEX2A1",
        "name": "Bloom Camp"
      },
      "geometry": {
        "type": "Point",
        "coordinates": [
          -119.21176,
          40.789964
        ]
      }
    },
    {
      "type": "Feature",
      "properties": {
        "uid": "a1XVI00000FKoG92AL",
        "name": "Northwest Mist"
      },
      "geometry": {
        "type": "Point",
        "coordinates": [
          -119.216701,
          40.785863
        ]
      }
    },
    {
      "type": "Feature",
      "properties": {
        "uid": "a1XVI00000FKoHl2AL",
        "name": "ImagiMorphia"
      },
      "geometry": {
        "type": "Point",
        "coordinates": [
          -119.210821,
          40.770444
        ]
      }
    },
    {
      "type": "Feature",
      "properties": {
        "uid": "a1XVI00000FKoJN2A1",
        "name": "Bioluminati (Bike Mutation)"
      },
      "geometry": {
        "type": "Point",
        "coordinates": [
          -119.221727,
          40.783859
        ]
      }
    },
    {
      "type": "Feature",
      "properties": {
        "uid": "a1XVI00000FKoMb2AL",
        "name": "DUSTFISH"
      },
      "geometry": {
        "type": "Point",
        "coordinates": [
          -119.20412,
          40.776339
        ]
      }
    },
    {
      "type": "Feature",
      "properties": {
        "uid": "a1XVI00000FKoMc2AL",
        "name": "Johnny Tacomas at The Last Resort"
      },
      "geometry": {
        "type": "Point",
        "coordinates": [
          -119.190034,
          40.775752
        ]
      }
    },
    {
      "type": "Feature",
      "properties": {
        "uid": "a1XVI00000FKoRR2A1",
        "name": "Fingerbang"
      },
      "geometry": {
        "type": "Point",
        "coordinates": [
          -119.205489,
          40.770726
        ]
      }
    },
    {
      "type": "Feature",
      "properties": {
        "uid": "a1XVI00000FKoT32AL",
        "name": "XOXO"
      },
      "geometry": {
        "type": "Point",
        "coordinates": [
          -119.216714,
          40.789245
        ]
      }
    },
    {
      "type": "Feature",
      "properties": {
        "uid": "a1XVI00000FKoWH2A1",
        "name": "Duckbutt"
      },
      "geometry": {
        "type": "Point",
        "coordinates": [
          -119.218124,
          40.779482
        ]
      }
    },
    {
      "type": "Feature",
      "properties": {
        "uid": "a1XVI00000FKqzV2AT",
        "name": "Pirate Camp"
      },
      "geometry": {
        "type": "Point",
        "coordinates": [
          -119.21413,
          40.774316
        ]
      }
    },
    {
      "type": "Feature",
      "properties": {
        "uid": "a1XVI00000FKr172AD",
        "name": "Sobremesa"
      },
      "geometry": {
        "type": "Point",
        "coordinates": [
          -119.201685,
          40.774687
        ]
      }
    },
    {
      "type": "Feature",
      "properties": {
        "uid": "a1XVI00000FKr5x2AD",
        "name": "Skyhorse Carousel"
      },
      "geometry": {
        "type": "Point",
        "coordinates": [
          -119.21426,
          40.77702
        ]
      }
    },
    {
      "type": "Feature",
      "properties": {
        "uid": "a1XVI00000FKrqj2AD",
        "name": "LOBE"
      },
      "geometry": {
        "type": "Point",
        "coordinates": [
          -119.206326,
          40.774252
        ]
      }
    },
    {
      "type": "Feature",
      "properties": {
        "uid": "a1XVI00000FL0yr2AD",
        "name": "Slutt Putt"
      },
      "geometry": {
        "type": "Point",
        "coordinates": [
          -119.208335,
          40.773483
        ]
      }
    },
    {
      "type": "Feature",
      "properties": {
        "uid": "a1XVI00000FL2iv2AD",
        "name": "Barbots: Baby Needs A Break"
      },
      "geometry": {
        "type": "Point",
        "coordinates": [
          -119.218957,
          40.788858
        ]
      }
    },
    {
      "type": "Feature",
      "properties": {
        "uid": "a1XVI00000FL4BF2A1",
        "name": "Chicken Dragon"
      },
      "geometry": {
        "type": "Point",
        "coordinates": [
          -119.213869,
          40.774212
        ]
      }
    },
    {
      "type": "Feature",
      "properties": {
        "uid": "a1XVI00000FL5fB2AT",
        "name": "Burntown"
      },
      "geometry": {
        "type": "Point",
        "coordinates": [
          -119.224974,
          40.78376
        ]
      }
    },
    {
      "type": "Feature",
      "properties": {
        "uid": "a1XVI00000FL6Un2AL",
        "name": "Honey Puddle"
      },
      "geometry": {
        "type": "Point",
        "coordinates": [
          -119.214223,
          40.777518
        ]
      }
    },
    {
      "type": "Feature",
      "properties": {
        "uid": "a1XVI00000FLAJt2AP",
        "name": "Camp Random Pants"
      },
      "geometry": {
        "type": "Point",
        "coordinates": [
          -119.195073,
          40.777312
        ]
      }
    },
    {
      "type": "Feature",
      "properties": {
        "uid": "a1XVI00000FLAOj2AP",
        "name": "Black Rock Disc Golf Club"
      },
      "geometry": {
        "type": "Point",
        "coordinates": [
          -119.197582,
          40.779566
        ]
      }
    },
    {
      "type": "Feature",
      "properties": {
        "uid": "a1XVI00000FLBvt2AH",
        "name": "BAR MACTROPOLIS"
      },
      "geometry": {
        "type": "Point",
        "coordinates": [
          -119.194701,
          40.772725
        ]
      }
    },
    {
      "type": "Feature",
      "properties": {
        "uid": "a1XVI00000FLClV2AX",
        "name": "ICU:  Impromptu Crafters Union"
      },
      "geometry": {
        "type": "Point",
        "coordinates": [
          -119.214316,
          40.776116
        ]
      }
    },
    {
      "type": "Feature",
      "properties": {
        "uid": "a1XVI00000FLCn72AH",
        "name": "Desert Healers"
      },
      "geometry": {
        "type": "Point",
        "coordinates": [
          -119.220034,
          40.772949
        ]
      }
    },
    {
      "type": "Feature",
      "properties": {
        "uid": "a1XVI00000FLDeL2AX",
        "name": "Amma"
      },
      "geometry": {
        "type": "Point",
        "coordinates": [
          -119.189015,
          40.778704
        ]
      }
    },
    {
      "type": "Feature",
      "properties": {
        "uid": "a1XVI00000FLE492AH",
        "name": "Hair of the Dog (HOTD)"
      },
      "geometry": {
        "type": "Point",
        "coordinates": [
          -119.213478,
          40.776657
        ]
      }
    },
    {
      "type": "Feature",
      "properties": {
        "uid": "a1XVI00000FLFjN2AX",
        "name": "Tossed and Sauced"
      },
      "geometry": {
        "type": "Point",
        "coordinates": [
          -119.21957,
          40.782288
        ]
      }
    },
    {
      "type": "Feature",
      "properties": {
        "uid": "a1XVI00000FLFrR2AX",
        "name": "Camp Equilibrium"
      },
      "geometry": {
        "type": "Point",
        "coordinates": [
          -119.21814,
          40.789137
        ]
      }
    },
    {
      "type": "Feature",
      "properties": {
        "uid": "a1XVI00000FLFzV2AX",
        "name": "Lollypopolus"
      },
      "geometry": {
        "type": "Point",
        "coordinates": [
          -119.220959,
          40.776011
        ]
      }
    },
    {
      "type": "Feature",
      "properties": {
        "uid": "a1XVI00000FLGlt2AH",
        "name": "Yes Please"
      },
      "geometry": {
        "type": "Point",
        "coordinates": [
          -119.223406,
          40.779786
        ]
      }
    },
    {
      "type": "Feature",
      "properties": {
        "uid": "a1XVI00000FLGnV2AX",
        "name": "Art Car Camp"
      },
      "geometry": {
        "type": "Point",
        "coordinates": [
          -119.19974,
          40.778598
        ]
      }
    },
    {
      "type": "Feature",
      "properties": {
        "uid": "a1XVI00000FLIPV2A5",
        "name": "Twilight language"
      },
      "geometry": {
        "type": "Point",
        "coordinates": [
          -119.213376,
          40.797168
        ]
      }
    },
    {
      "type": "Feature",
      "properties": {
        "uid": "a1XVI00000FLIUL2A5",
        "name": "Whynauts"
      },
      "geometry": {
        "type": "Point",
        "coordinates": [
          -119.207405,
          40.771025
        ]
      }
    },
    {
      "type": "Feature",
      "properties": {
        "uid": "a1XVI00000FLIXZ2A5",
        "name": "Astral Outpost"
      },
      "geometry": {
        "type": "Point",
        "coordinates": [
          -119.199549,
          40.776287
        ]
      }
    },
    {
      "type": "Feature",
      "properties": {
        "uid": "a1XVI00000FLIhF2AX",
        "name": "Camp Bare Tentacles"
      },
      "geometry": {
        "type": "Point",
        "coordinates": [
          -119.219999,
          40.786516
        ]
      }
    },
    {
      "type": "Feature",
      "properties": {
        "uid": "a1XVI00000FLIsX2AX",
        "name": "Abstininthe"
      },
      "geometry": {
        "type": "Point",
        "coordinates": [
          -119.220142,
          40.779308
        ]
      }
    },
    {
      "type": "Feature",
      "properties": {
        "uid": "a1XVI00000FLIxN2AX",
        "name": "Amulet"
      },
      "geometry": {
        "type": "Point",
        "coordinates": [
          -119.218925,
          40.779057
        ]
      }
    },
    {
      "type": "Feature",
      "properties": {
        "uid": "a1XVI00000FLIyz2AH",
        "name": "Dome on the Range"
      },
      "geometry": {
        "type": "Point",
        "coordinates": [
          -119.219025,
          40.782984
        ]
      }
    },
    {
      "type": "Feature",
      "properties": {
        "uid": "a1XVI00000FLJDV2A5",
        "name": "Camp Castaway"
      },
      "geometry": {
        "type": "Point",
        "coordinates": [
          -119.221867,
          40.785887
        ]
      }
    },
    {
      "type": "Feature",
      "properties": {
        "uid": "a1XVI00000FLJGj2AP",
        "name": "Camp Butter"
      },
      "geometry": {
        "type": "Point",
        "coordinates": [
          -119.206245,
          40.773209
        ]
      }
    },
    {
      "type": "Feature",
      "properties": {
        "uid": "a1XVI00000FLJjl2AH",
        "name": "Giraffè Caffè"
      },
      "geometry": {
        "type": "Point",
        "coordinates": [
          -119.224704,
          40.783472
        ]
      }
    },
    {
      "type": "Feature",
      "properties": {
        "uid": "a1XVI00000FLJlN2AX",
        "name": "NetsaH"
      },
      "geometry": {
        "type": "Point",
        "coordinates": [
          -119.223814,
          40.784376
        ]
      }
    },
    {
      "type": "Feature",
      "properties": {
        "uid": "a1XVI00000FLJwf2AH",
        "name": "Dust Circus"
      },
      "geometry": {
        "type": "Point",
        "coordinates": [
          -119.220711,
          40.783877
        ]
      }
    },
    {
      "type": "Feature",
      "properties": {
        "uid": "a1XVI00000FLJzt2AH",
        "name": "A-PLAYA-MASK"
      },
      "geometry": {
        "type": "Point",
        "coordinates": [
          -119.211827,
          40.771025
        ]
      }
    },
    {
      "type": "Feature",
      "properties": {
        "uid": "a1XVI00000FLK372AH",
        "name": "ChillVille on the Esplanade"
      },
      "geometry": {
        "type": "Point",
        "coordinates": [
          -119.208323,
          40.776197
        ]
      }
    },
    {
      "type": "Feature",
      "properties": {
        "uid": "a1XVI00000FLK6L2AX",
        "name": "POWERHOUSE"
      },
      "geometry": {
        "type": "Point",
        "coordinates": [
          -119.215482,
          40.771989
        ]
      }
    },
    {
      "type": "Feature",
      "properties": {
        "uid": "a1XVI00000FLKJF2A5",
        "name": "Bungalow"
      },
      "geometry": {
        "type": "Point",
        "coordinates": [
          -119.22367,
          40.785605
        ]
      }
    },
    {
      "type": "Feature",
      "properties": {
        "uid": "a1XVI00000FLKUX2A5",
        "name": "Through the Looking Gl.ass"
      },
      "geometry": {
        "type": "Point",
        "coordinates": [
          -119.222506,
          40.780136
        ]
      }
    },
    {
      "type": "Feature",
      "properties": {
        "uid": "a1XVI00000FLKW92AP",
        "name": "Gears & Beers"
      },
      "geometry": {
        "type": "Point",
        "coordinates": [
          -119.21965,
          40.784282
        ]
      }
    },
    {
      "type": "Feature",
      "properties": {
        "uid": "a1XVI00000FLKZN2A5",
        "name": "Juicy Rootz"
      },
      "geometry": {
        "type": "Point",
        "coordinates": [
          -119.221133,
          40.784196
        ]
      }
    },
    {
      "type": "Feature",
      "properties": {
        "uid": "a1XVI00000FLKfp2AH",
        "name": "Sparkle Love"
      },
      "geometry": {
        "type": "Point",
        "coordinates": [
          -119.220049,
          40.784612
        ]
      }
    },
    {
      "type": "Feature",
      "properties": {
        "uid": "a1XVI00000FLKmH2AX",
        "name": "Celestial Bodies"
      },
      "geometry": {
        "type": "Point",
        "coordinates": [
          -119.225643,
          40.782804
        ]
      }
    },
    {
      "type": "Feature",
      "properties": {
        "uid": "a1XVI00000FLKnt2AH",
        "name": "Cozy Dinosaur"
      },
      "geometry": {
        "type": "Point",
        "coordinates": [
          -119.215387,
          40.790739
        ]
      }
    },
    {
      "type": "Feature",
      "properties": {
        "uid": "a1XVI00000FLKsj2AH",
        "name": "RedNeck Regal Theatre"
      },
      "geometry": {
        "type": "Point",
        "coordinates": [
          -119.206736,
          40.770143
        ]
      }
    },
    {
      "type": "Feature",
      "properties": {
        "uid": "a1XVI00000FLKuL2AX",
        "name": "Camp PlayApology"
      },
      "geometry": {
        "type": "Point",
        "coordinates": [
          -119.221817,
          40.776933
        ]
      }
    },
    {
      "type": "Feature",
      "properties": {
        "uid": "a1XVI00000FLKvx2AH",
        "name": "Terrible Turtle"
      },
      "geometry": {
        "type": "Point",
        "coordinates": [
          -119.220143,
          40.776552
        ]
      }
    },
    {
      "type": "Feature",
      "properties": {
        "uid": "a1XVI00000FLKxZ2AX",
        "name": "Roasted Breauxs & Coffee Heauxs"
      },
      "geometry": {
        "type": "Point",
        "coordinates": [
          -119.205712,
          40.77518
        ]
      }
    },
    {
      "type": "Feature",
      "properties": {
        "uid": "a1XVI00000FLKzB2AX",
        "name": "Kaleidoscope Collective"
      },
      "geometry": {
        "type": "Point",
        "coordinates": [
          -119.205273,
          40.774443
        ]
      }
    },
    {
      "type": "Feature",
      "properties": {
        "uid": "a1XVI00000FLL0n2AH",
        "name": "Practice Camp"
      },
      "geometry": {
        "type": "Point",
        "coordinates": [
          -119.226082,
          40.783047
        ]
      }
    },
    {
      "type": "Feature",
      "properties": {
        "uid": "a1XVI00000FLL412AH",
        "name": "Whiskey and Dust"
      },
      "geometry": {
        "type": "Point",
        "coordinates": [
          -119.222651,
          40.785495
        ]
      }
    },
    {
      "type": "Feature",
      "properties": {
        "uid": "a1XVI00000FLL7F2AX",
        "name": "Chicken Cooter Soup"
      },
      "geometry": {
        "type": "Point",
        "coordinates": [
          -119.223319,
          40.78693
        ]
      }
    },
    {
      "type": "Feature",
      "properties": {
        "uid": "a1XVI00000FLL8r2AH",
        "name": "End of the Line"
      },
      "geometry": {
        "type": "Point",
        "coordinates": [
          -119.205079,
          40.771411
        ]
      }
    },
    {
      "type": "Feature",
      "properties": {
        "uid": "a1XVI00000FLLC52AP",
        "name": "SonicBoom Saloon"
      },
      "geometry": {
        "type": "Point",
        "coordinates": [
          -119.200642,
          40.7781
        ]
      }
    },
    {
      "type": "Feature",
      "properties": {
        "uid": "a1XVI00000FLLFJ2A5",
        "name": "SoulSound"
      },
      "geometry": {
        "type": "Point",
        "coordinates": [
          -119.196366,
          40.778757
        ]
      }
    },
    {
      "type": "Feature",
      "properties": {
        "uid": "a1XVI00000FLLGv2AP",
        "name": "Pinky Swears"
      },
      "geometry": {
        "type": "Point",
        "coordinates": [
          -119.20646,
          40.773895
        ]
      }
    },
    {
      "type": "Feature",
      "properties": {
        "uid": "a1XVI00000FLLIX2A5",
        "name": "Kurenivka"
      },
      "geometry": {
        "type": "Point",
        "coordinates": [
          -119.213774,
          40.795118
        ]
      }
    },
    {
      "type": "Feature",
      "properties": {
        "uid": "a1XVI00000FLLK92AP",
        "name": "Cheat Codes"
      },
      "geometry": {
        "type": "Point",
        "coordinates": [
          -119.214092,
          40.789996
        ]
      }
    },
    {
      "type": "Feature",
      "properties": {
        "uid": "a1XVI00000FLLOz2AP",
        "name": "Worst Bar"
      },
      "geometry": {
        "type": "Point",
        "coordinates": [
          -119.217892,
          40.788192
        ]
      }
    },
    {
      "type": "Feature",
      "properties": {
        "uid": "a1XVI00000FLLQb2AP",
        "name": "Oceyolotl Sanctuary"
      },
      "geometry": {
        "type": "Point",
        "coordinates": [
          -119.210091,
          40.773341
        ]
      }
    },
    {
      "type": "Feature",
      "properties": {
        "uid": "a1XVI00000FLLSD2A5",
        "name": "Contraptionists"
      },
      "geometry": {
        "type": "Point",
        "coordinates": [
          -119.218811,
          40.780845
        ]
      }
    },
    {
      "type": "Feature",
      "properties": {
        "uid": "a1XVI00000FLLTp2AP",
        "name": "Penny Smashing Point"
      },
      "geometry": {
        "type": "Point",
        "coordinates": [
          -119.219659,
          40.773153
        ]
      }
    },
    {
      "type": "Feature",
      "properties": {
        "uid": "a1XVI00000FLLaH2AX",
        "name": "Bao Chicka Wow Wow"
      },
      "geometry": {
        "type": "Point",
        "coordinates": [
          -119.204214,
          40.77451
        ]
      }
    },
    {
      "type": "Feature",
      "properties": {
        "uid": "a1XVI00000FLLf72AH",
        "name": "RhythmWave"
      },
      "geometry": {
        "type": "Point",
        "coordinates": [
          -119.218904,
          40.775407
        ]
      }
    },
    {
      "type": "Feature",
      "properties": {
        "uid": "a1XVI00000FLLgj2AH",
        "name": "Heart Fusion"
      },
      "geometry": {
        "type": "Point",
        "coordinates": [
          -119.209867,
          40.775152
        ]
      }
    },
    {
      "type": "Feature",
      "properties": {
        "uid": "a1XVI00000FLLiL2AX",
        "name": "Black Rock Yearbook"
      },
      "geometry": {
        "type": "Point",
        "coordinates": [
          -119.203631,
          40.774696
        ]
      }
    },
    {
      "type": "Feature",
      "properties": {
        "uid": "a1XVI00000FLLlZ2AX",
        "name": "The Astral Social Club"
      },
      "geometry": {
        "type": "Point",
        "coordinates": [
          -119.21843,
          40.78001
        ]
      }
    },
    {
      "type": "Feature",
      "properties": {
        "uid": "a1XVI00000FLLqP2AX",
        "name": "Soon to be Infamous"
      },
      "geometry": {
        "type": "Point",
        "coordinates": [
          -119.219725,
          40.787053
        ]
      }
    },
    {
      "type": "Feature",
      "properties": {
        "uid": "a1XVI00000FLLs12AH",
        "name": "Discosmos"
      },
      "geometry": {
        "type": "Point",
        "coordinates": [
          -119.188649,
          40.778217
        ]
      }
    },
    {
      "type": "Feature",
      "properties": {
        "uid": "a1XVI00000FLLtd2AH",
        "name": "Team Human Base Camp"
      },
      "geometry": {
        "type": "Point",
        "coordinates": [
          -119.213103,
          40.792626
        ]
      }
    },
    {
      "type": "Feature",
      "properties": {
        "uid": "a1XVI00000FLLvF2AX",
        "name": "Best Butt"
      },
      "geometry": {
        "type": "Point",
        "coordinates": [
          -119.216838,
          40.788469
        ]
      }
    },
    {
      "type": "Feature",
      "properties": {
        "uid": "a1XVI00000FLLwr2AH",
        "name": "Lituanica Birds"
      },
      "geometry": {
        "type": "Point",
        "coordinates": [
          -119.207553,
          40.769499
        ]
      }
    },
    {
      "type": "Feature",
      "properties": {
        "uid": "a1XVI00000FLNSP2A5",
        "name": "Lovana"
      },
      "geometry": {
        "type": "Point",
        "coordinates": [
          -119.218676,
          40.775992
        ]
      }
    },
    {
      "type": "Feature",
      "properties": {
        "uid": "a1XVI00000FLNsD2AX",
        "name": "NYC Community Container"
      },
      "geometry": {
        "type": "Point",
        "coordinates": [
          -119.213089,
          40.771676
        ]
      }
    },
    {
      "type": "Feature",
      "properties": {
        "uid": "a1XVI00000FLPM92AP",
        "name": "Sundowners"
      },
      "geometry": {
        "type": "Point",
        "coordinates": [
          -119.219615,
          40.78492
        ]
      }
    },
    {
      "type": "Feature",
      "properties": {
        "uid": "a1XVI00000FLR2z2AH",
        "name": "The Carrot Club"
      },
      "geometry": {
        "type": "Point",
        "coordinates": [
          -119.219936,
          40.781078
        ]
      }
    },
    {
      "type": "Feature",
      "properties": {
        "uid": "a1XVI00000FLRnl2AH",
        "name": "Dogs N Recreation"
      },
      "geometry": {
        "type": "Point",
        "coordinates": [
          -119.208053,
          40.769127
        ]
      }
    },
    {
      "type": "Feature",
      "properties": {
        "uid": "a1XVI00000FLSn32AH",
        "name": "FUR"
      },
      "geometry": {
        "type": "Point",
        "coordinates": [
          -119.219017,
          40.781474
        ]
      }
    },
    {
      "type": "Feature",
      "properties": {
        "uid": "a1XVI00000FLT812AH",
        "name": "COOLSVILLE"
      },
      "geometry": {
        "type": "Point",
        "coordinates": [
          -119.19802,
          40.779679
        ]
      }
    },
    {
      "type": "Feature",
      "properties": {
        "uid": "a1XVI00000FLUQf2AP",
        "name": "Backfire"
      },
      "geometry": {
        "type": "Point",
        "coordinates": [
          -119.218939,
          40.781212
        ]
      }
    },
    {
      "type": "Feature",
      "properties": {
        "uid": "a1XVI00000FLUdZ2AX",
        "name": "Interzone"
      },
      "geometry": {
        "type": "Point",
        "coordinates": [
          -119.217517,
          40.778779
        ]
      }
    },
    {
      "type": "Feature",
      "properties": {
        "uid": "a1XVI00000FLVPx2AP",
        "name": "Camp Morning Wood"
      },
      "geometry": {
        "type": "Point",
        "coordinates": [
          -119.222942,
          40.784753
        ]
      }
    },
    {
      "type": "Feature",
      "properties": {
        "uid": "a1XVI00000FLVwD2AX",
        "name": "Just Dandy"
      },
      "geometry": {
        "type": "Point",
        "coordinates": [
          -119.213581,
          40.792007
        ]
      }
    },
    {
      "type": "Feature",
      "properties": {
        "uid": "a1XVI00000FLVzR2AX",
        "name": "Edna's Oasis"
      },
      "geometry": {
        "type": "Point",
        "coordinates": [
          -119.194785,
          40.77877
        ]
      }
    },
    {
      "type": "Feature",
      "properties": {
        "uid": "a1XVI00000FLXEr2AP",
        "name": "And Then There's Only Love"
      },
      "geometry": {
        "type": "Point",
        "coordinates": [
          -119.223836,
          40.782424
        ]
      }
    },
    {
      "type": "Feature",
      "properties": {
        "uid": "a1XVI00000FLXYF2A5",
        "name": "Twisted"
      },
      "geometry": {
        "type": "Point",
        "coordinates": [
          -119.211644,
          40.773905
        ]
      }
    },
    {
      "type": "Feature",
      "properties": {
        "uid": "a1XVI00000FLXzf2AH",
        "name": "Shift the atmosphere"
      },
      "geometry": {
        "type": "Point",
        "coordinates": [
          -119.20974,
          40.770673
        ]
      }
    },
    {
      "type": "Feature",
      "properties": {
        "uid": "a1XVI00000FLa4g2AD",
        "name": "Nocino's"
      },
      "geometry": {
        "type": "Point",
        "coordinates": [
          -119.21435,
          40.790278
        ]
      }
    },
    {
      "type": "Feature",
      "properties": {
        "uid": "a1XVI00000FLaB72AL",
        "name": "Word Play Cafe"
      },
      "geometry": {
        "type": "Point",
        "coordinates": [
          -119.219472,
          40.773978
        ]
      }
    },
    {
      "type": "Feature",
      "properties": {
        "uid": "a1XVI00000FLaz72AD",
        "name": "IN DUST WE TRUST"
      },
      "geometry": {
        "type": "Point",
        "coordinates": [
          -119.198636,
          40.775348
        ]
      }
    },
    {
      "type": "Feature",
      "properties": {
        "uid": "a1XVI00000FLb3x2AD",
        "name": "Congee Central"
      },
      "geometry": {
        "type": "Point",
        "coordinates": [
          -119.206071,
          40.769896
        ]
      }
    },
    {
      "type": "Feature",
      "properties": {
        "uid": "a1XVI00000FLb8n2AD",
        "name": "Spanky's Wine Bar"
      },
      "geometry": {
        "type": "Point",
        "coordinates": [
          -119.223066,
          40.7825
        ]
      }
    },
    {
      "type": "Feature",
      "properties": {
        "uid": "a1XVI00000FLcb72AD",
        "name": "Steam Bath Project"
      },
      "geometry": {
        "type": "Point",
        "coordinates": [
          -119.21897,
          40.791966
        ]
      }
    },
    {
      "type": "Feature",
      "properties": {
        "uid": "a1XVI00000FLeBV2A1",
        "name": "Mellow Mountain"
      },
      "geometry": {
        "type": "Point",
        "coordinates": [
          -119.218553,
          40.788163
        ]
      }
    },
    {
      "type": "Feature",
      "properties": {
        "uid": "a1XVI00000FLeTF2A1",
        "name": "GYST"
      },
      "geometry": {
        "type": "Point",
        "coordinates": [
          -119.217751,
          40.780844
        ]
      }
    },
    {
      "type": "Feature",
      "properties": {
        "uid": "a1XVI00000FLeUr2AL",
        "name": "Mighty Misfits"
      },
      "geometry": {
        "type": "Point",
        "coordinates": [
          -119.196601,
          40.777887
        ]
      }
    },
    {
      "type": "Feature",
      "properties": {
        "uid": "a1XVI00000FLehl2AD",
        "name": "Hang-Out, the"
      },
      "geometry": {
        "type": "Point",
        "coordinates": [
          -119.216826,
          40.776733
        ]
      }
    },
    {
      "type": "Feature",
      "properties": {
        "uid": "a1XVI00000FLeuf2AD",
        "name": "The Society of Supreme Excellence"
      },
      "geometry": {
        "type": "Point",
        "coordinates": [
          -119.196833,
          40.779004
        ]
      }
    },
    {
      "type": "Feature",
      "properties": {
        "uid": "a1XVI00000FLf7Z2AT",
        "name": "Salty Jacks"
      },
      "geometry": {
        "type": "Point",
        "coordinates": [
          -119.219529,
          40.791585
        ]
      }
    },
    {
      "type": "Feature",
      "properties": {
        "uid": "a1XVI00000FLfVl2AL",
        "name": "Burning Sky"
      },
      "geometry": {
        "type": "Point",
        "coordinates": [
          -119.211892,
          40.770825
        ]
      }
    },
    {
      "type": "Feature",
      "properties": {
        "uid": "a1XVI00000FLfXN2A1",
        "name": "Burning My Crêpe"
      },
      "geometry": {
        "type": "Point",
        "coordinates": [
          -119.206712,
          40.769855
        ]
      }
    },
    {
      "type": "Feature",
      "properties": {
        "uid": "a1XVI00000FLfkH2AT",
        "name": "Hot Stuff"
      },
      "geometry": {
        "type": "Point",
        "coordinates": [
          -119.191867,
          40.779561
        ]
      }
    },
    {
      "type": "Feature",
      "properties": {
        "uid": "a1XVI00000FLfvZ2AT",
        "name": "TOT"
      },
      "geometry": {
        "type": "Point",
        "coordinates": [
          -119.216468,
          40.788848
        ]
      }
    },
    {
      "type": "Feature",
      "properties": {
        "uid": "a1XVI00000FLfyn2AD",
        "name": "PlayAground"
      },
      "geometry": {
        "type": "Point",
        "coordinates": [
          -119.199132,
          40.779156
        ]
      }
    },
    {
      "type": "Feature",
      "properties": {
        "uid": "a1XVI00000FLgur2AD",
        "name": "Gnometopia"
      },
      "geometry": {
        "type": "Point",
        "coordinates": [
          -119.216786,
          40.776198
        ]
      }
    },
    {
      "type": "Feature",
      "properties": {
        "uid": "a1XVI00000FLh9N2AT",
        "name": "Shitty Glitter"
      },
      "geometry": {
        "type": "Point",
        "coordinates": [
          -119.219675,
          40.788999
        ]
      }
    },
    {
      "type": "Feature",
      "properties": {
        "uid": "a1XVI00000FLhR72AL",
        "name": "Chico Urban Area"
      },
      "geometry": {
        "type": "Point",
        "coordinates": [
          -119.20533,
          40.770397
        ]
      }
    },
    {
      "type": "Feature",
      "properties": {
        "uid": "a1XVI00000FLi8f2AD",
        "name": "Now and Then Artist Collective"
      },
      "geometry": {
        "type": "Point",
        "coordinates": [
          -119.21349,
          40.789793
        ]
      }
    },
    {
      "type": "Feature",
      "properties": {
        "uid": "a1XVI00000FLj7x2AD",
        "name": "Space Bar"
      },
      "geometry": {
        "type": "Point",
        "coordinates": [
          -119.212314,
          40.77406
        ]
      }
    },
    {
      "type": "Feature",
      "properties": {
        "uid": "a1XVI00000FLjHd2AL",
        "name": "Potty Project"
      },
      "geometry": {
        "type": "Point",
        "coordinates": [
          -119.201285,
          40.776205
        ]
      }
    },
    {
      "type": "Feature",
      "properties": {
        "uid": "a1XVI00000FLjPh2AL",
        "name": "Snark Bar"
      },
      "geometry": {
        "type": "Point",
        "coordinates": [
          -119.216022,
          40.789042
        ]
      }
    },
    {
      "type": "Feature",
      "properties": {
        "uid": "a1XVI00000FLjj32AD",
        "name": "Mostly in Tune"
      },
      "geometry": {
        "type": "Point",
        "coordinates": [
          -119.224438,
          40.783049
        ]
      }
    },
    {
      "type": "Feature",
      "properties": {
        "uid": "a1XVI00000FLkQb2AL",
        "name": "Campoline"
      },
      "geometry": {
        "type": "Point",
        "coordinates": [
          -119.219135,
          40.791301
        ]
      }
    },
    {
      "type": "Feature",
      "properties": {
        "uid": "a1XVI00000FLlbB2AT",
        "name": "Camp BUI"
      },
      "geometry": {
        "type": "Point",
        "coordinates": [
          -119.198752,
          40.778209
        ]
      }
    },
    {
      "type": "Feature",
      "properties": {
        "uid": "a1XVI00000FLlhd2AD",
        "name": "Moon Cheese"
      },
      "geometry": {
        "type": "Point",
        "coordinates": [
          -119.216713,
          40.787373
        ]
      }
    },
    {
      "type": "Feature",
      "properties": {
        "uid": "a1XVI00000FLmm02AD",
        "name": "Tailgate"
      },
      "geometry": {
        "type": "Point",
        "coordinates": [
          -119.220092,
          40.784839
        ]
      }
    },
    {
      "type": "Feature",
      "properties": {
        "uid": "a1XVI00000FLneb2AD",
        "name": "Above & Below"
      },
      "geometry": {
        "type": "Point",
        "coordinates": [
          -119.209265,
          40.77255
        ]
      }
    },
    {
      "type": "Feature",
      "properties": {
        "uid": "a1XVI00000FLnpv2AD",
        "name": "Dr. Playa's ENT Clinic"
      },
      "geometry": {
        "type": "Point",
        "coordinates": [
          -119.215424,
          40.779365
        ]
      }
    },
    {
      "type": "Feature",
      "properties": {
        "uid": "a1XVI00000FLoKX2A1",
        "name": "Great Vibrations"
      },
      "geometry": {
        "type": "Point",
        "coordinates": [
          -119.219406,
          40.792869
        ]
      }
    },
    {
      "type": "Feature",
      "properties": {
        "uid": "a1XVI00000FLoaf2AD",
        "name": "Glowskull Asylum Int'l"
      },
      "geometry": {
        "type": "Point",
        "coordinates": [
          -119.200357,
          40.777877
        ]
      }
    },
    {
      "type": "Feature",
      "properties": {
        "uid": "a1XVI00000FLoqn2AD",
        "name": "Base Camp"
      },
      "geometry": {
        "type": "Point",
        "coordinates": [
          -119.220928,
          40.791652
        ]
      }
    },
    {
      "type": "Feature",
      "properties": {
        "uid": "a1XVI00000FLoxF2AT",
        "name": "PO9"
      },
      "geometry": {
        "type": "Point",
        "coordinates": [
          -119.21694,
          40.786789
        ]
      }
    },
    {
      "type": "Feature",
      "properties": {
        "uid": "a1XVI00000FLp6v2AD",
        "name": "MacGyvers' Union"
      },
      "geometry": {
        "type": "Point",
        "coordinates": [
          -119.219076,
          40.7817
        ]
      }
    },
    {
      "type": "Feature",
      "properties": {
        "uid": "a1XVI00000FLpBl2AL",
        "name": "Half Baked"
      },
      "geometry": {
        "type": "Point",
        "coordinates": [
          -119.209583,
          40.775115
        ]
      }
    },
    {
      "type": "Feature",
      "properties": {
        "uid": "a1XVI00000FLpEz2AL",
        "name": "Soul Forge"
      },
      "geometry": {
        "type": "Point",
        "coordinates": [
          -119.216064,
          40.77562
        ]
      }
    },
    {
      "type": "Feature",
      "properties": {
        "uid": "a1XVI00000FLpID2A1",
        "name": "Critical Connections"
      },
      "geometry": {
        "type": "Point",
        "coordinates": [
          -119.20745,
          40.775309
        ]
      }
    },
    {
      "type": "Feature",
      "properties": {
        "uid": "a1XVI00000FLpN32AL",
        "name": "Planned Playahood"
      },
      "geometry": {
        "type": "Point",
        "coordinates": [
          -119.222397,
          40.780643
        ]
      }
    },
    {
      "type": "Feature",
      "properties": {
        "uid": "a1XVI00000FLpQH2A1",
        "name": "Gianni's Fellas"
      },
      "geometry": {
        "type": "Point",
        "coordinates": [
          -119.196632,
          40.779541
        ]
      }
    },
    {
      "type": "Feature",
      "properties": {
        "uid": "a1XVI00000FLpYL2A1",
        "name": "Hippocampus"
      },
      "geometry": {
        "type": "Point",
        "coordinates": [
          -119.212313,
          40.771492
        ]
      }
    },
    {
      "type": "Feature",
      "properties": {
        "uid": "a1XVI00000FLpZx2AL",
        "name": "Redhanded"
      },
      "geometry": {
        "type": "Point",
        "coordinates": [
          -119.217265,
          40.789081
        ]
      }
    },
    {
      "type": "Feature",
      "properties": {
        "uid": "a1XVI00000FLpdB2AT",
        "name": "We < 3 CamPINK!"
      },
      "geometry": {
        "type": "Point",
        "coordinates": [
          -119.198079,
          40.774706
        ]
      }
    },
    {
      "type": "Feature",
      "properties": {
        "uid": "a1XVI00000FLpen2AD",
        "name": "Giraffelot"
      },
      "geometry": {
        "type": "Point",
        "coordinates": [
          -119.22578,
          40.783775
        ]
      }
    },
    {
      "type": "Feature",
      "properties": {
        "uid": "a1XVI00000FLpgP2AT",
        "name": "Playa Pinups and Fine Art Fatales"
      },
      "geometry": {
        "type": "Point",
        "coordinates": [
          -119.201779,
          40.773365
        ]
      }
    },
    {
      "type": "Feature",
      "properties": {
        "uid": "a1XVI00000FLpjd2AD",
        "name": "Discrace"
      },
      "geometry": {
        "type": "Point",
        "coordinates": [
          -119.204388,
          40.772553
        ]
      }
    },
    {
      "type": "Feature",
      "properties": {
        "uid": "a1XVI00000FLplF2AT",
        "name": "Armageddon Bike Camp"
      },
      "geometry": {
        "type": "Point",
        "coordinates": [
          -119.199892,
          40.777689
        ]
      }
    },
    {
      "type": "Feature",
      "properties": {
        "uid": "a1XVI00000FLpoT2AT",
        "name": "Champagne Lounge"
      },
      "geometry": {
        "type": "Point",
        "coordinates": [
          -119.215586,
          40.775875
        ]
      }
    },
    {
      "type": "Feature",
      "properties": {
        "uid": "a1XVI00000FLpq52AD",
        "name": "Battle Born Burners"
      },
      "geometry": {
        "type": "Point",
        "coordinates": [
          -119.222832,
          40.776104
        ]
      }
    },
    {
      "type": "Feature",
      "properties": {
        "uid": "a1XVI00000FLptJ2AT",
        "name": "Tour de Chance"
      },
      "geometry": {
        "type": "Point",
        "coordinates": [
          -119.205125,
          40.774071
        ]
      }
    },
    {
      "type": "Feature",
      "properties": {
        "uid": "a1XVI00000FLpwX2AT",
        "name": "Deep Eat"
      },
      "geometry": {
        "type": "Point",
        "coordinates": [
          -119.205694,
          40.773981
        ]
      }
    },
    {
      "type": "Feature",
      "properties": {
        "uid": "a1XVI00000FLq1N2AT",
        "name": "Cloudy AF"
      },
      "geometry": {
        "type": "Point",
        "coordinates": [
          -119.208349,
          40.773139
        ]
      }
    },
    {
      "type": "Feature",
      "properties": {
        "uid": "a1XVI00000FLq2z2AD",
        "name": "Paper Cranes"
      },
      "geometry": {
        "type": "Point",
        "coordinates": [
          -119.218422,
          40.786317
        ]
      }
    },
    {
      "type": "Feature",
      "properties": {
        "uid": "a1XVI00000FLq4b2AD",
        "name": "Abominable Base Camp"
      },
      "geometry": {
        "type": "Point",
        "coordinates": [
          -119.218742,
          40.787778
        ]
      }
    },
    {
      "type": "Feature",
      "properties": {
        "uid": "a1XVI00000FLq4c2AD",
        "name": "Shangri-Lounge"
      },
      "geometry": {
        "type": "Point",
        "coordinates": [
          -119.21753,
          40.779499
        ]
      }
    },
    {
      "type": "Feature",
      "properties": {
        "uid": "a1XVI00000FLq6D2AT",
        "name": "A Touchy Subject"
      },
      "geometry": {
        "type": "Point",
        "coordinates": [
          -119.211202,
          40.770497
        ]
      }
    },
    {
      "type": "Feature",
      "properties": {
        "uid": "a1XVI00000FLq7p2AD",
        "name": "Molotov Cocktail"
      },
      "geometry": {
        "type": "Point",
        "coordinates": [
          -119.200096,
          40.777121
        ]
      }
    },
    {
      "type": "Feature",
      "properties": {
        "uid": "a1XVI00000FLq9R2AT",
        "name": "Happy Hour"
      },
      "geometry": {
        "type": "Point",
        "coordinates": [
          -119.202612,
          40.775742
        ]
      }
    },
    {
      "type": "Feature",
      "properties": {
        "uid": "a1XVI00000FLqB32AL",
        "name": "Chatterbox Camp"
      },
      "geometry": {
        "type": "Point",
        "coordinates": [
          -119.201492,
          40.777048
        ]
      }
    },
    {
      "type": "Feature",
      "properties": {
        "uid": "a1XVI00000FLqCf2AL",
        "name": "Burnstream Court"
      },
      "geometry": {
        "type": "Point",
        "coordinates": [
          -119.200124,
          40.773568
        ]
      }
    },
    {
      "type": "Feature",
      "properties": {
        "uid": "a1XVI00000FLqEH2A1",
        "name": "Emergence with  Buddha Lounge"
      },
      "geometry": {
        "type": "Point",
        "coordinates": [
          -119.212746,
          40.795707
        ]
      }
    },
    {
      "type": "Feature",
      "properties": {
        "uid": "a1XVI00000FLqFt2AL",
        "name": "2 girls 1 camp"
      },
      "geometry": {
        "type": "Point",
        "coordinates": [
          -119.217091,
          40.775851
        ]
      }
    },
    {
      "type": "Feature",
      "properties": {
        "uid": "a1XVI00000FLqHV2A1",
        "name": "The New Barbarians"
      },
      "geometry": {
        "type": "Point",
        "coordinates": [
          -119.221123,
          40.782223
        ]
      }
    },
    {
      "type": "Feature",
      "properties": {
        "uid": "a1XVI00000FLqJ72AL",
        "name": "IGNITED STATES"
      },
      "geometry": {
        "type": "Point",
        "coordinates": [
          -119.204643,
          40.772182
        ]
      }
    },
    {
      "type": "Feature",
      "properties": {
        "uid": "a1XVI00000FLqML2A1",
        "name": "Deep C"
      },
      "geometry": {
        "type": "Point",
        "coordinates": [
          -119.217786,
          40.782916
        ]
      }
    },
    {
      "type": "Feature",
      "properties": {
        "uid": "a1XVI00000FLqNx2AL",
        "name": "Orgy Bus Camp"
      },
      "geometry": {
        "type": "Point",
        "coordinates": [
          -119.226171,
          40.783446
        ]
      }
    },
    {
      "type": "Feature",
      "properties": {
        "uid": "a1XVI00000FLqZF2A1",
        "name": "Black Rock City Municipal Pool"
      },
      "geometry": {
        "type": "Point",
        "coordinates": [
          -119.219646,
          40.780415
        ]
      }
    },
    {
      "type": "Feature",
      "properties": {
        "uid": "a1XVI00000FLqar2AD",
        "name": "PALINKA LOUNGE"
      },
      "geometry": {
        "type": "Point",
        "coordinates": [
          -119.214827,
          40.776634
        ]
      }
    },
    {
      "type": "Feature",
      "properties": {
        "uid": "a1XVI00000FLqe52AD",
        "name": "Never Sleep Again"
      },
      "geometry": {
        "type": "Point",
        "coordinates": [
          -119.221419,
          40.789602
        ]
      }
    },
    {
      "type": "Feature",
      "properties": {
        "uid": "a1XVI00000FLqfh2AD",
        "name": "SophistaPirate Cove"
      },
      "geometry": {
        "type": "Point",
        "coordinates": [
          -119.201931,
          40.777474
        ]
      }
    },
    {
      "type": "Feature",
      "properties": {
        "uid": "a1XVI00000FLqhJ2AT",
        "name": "Stardust Lounge"
      },
      "geometry": {
        "type": "Point",
        "coordinates": [
          -119.218321,
          40.788058
        ]
      }
    },
    {
      "type": "Feature",
      "properties": {
        "uid": "a1XVI00000FLqiv2AD",
        "name": "Halloween Camp"
      },
      "geometry": {
        "type": "Point",
        "coordinates": [
          -119.215653,
          40.79058
        ]
      }
    },
    {
      "type": "Feature",
      "properties": {
        "uid": "a1XVI00000FLqkX2AT",
        "name": "Cinderbox"
      },
      "geometry": {
        "type": "Point",
        "coordinates": [
          -119.205209,
          40.77076
        ]
      }
    },
    {
      "type": "Feature",
      "properties": {
        "uid": "a1XVI00000FLqm92AD",
        "name": "Society for Temporal Preservation"
      },
      "geometry": {
        "type": "Point",
        "coordinates": [
          -119.218846,
          40.774676
        ]
      }
    },
    {
      "type": "Feature",
      "properties": {
        "uid": "a1XVI00000FLqpN2AT",
        "name": "Camp SnuggleFunk"
      },
      "geometry": {
        "type": "Point",
        "coordinates": [
          -119.207433,
          40.773482
        ]
      }
    },
    {
      "type": "Feature",
      "properties": {
        "uid": "a1XVI00000FLqxR2AT",
        "name": "French Manila"
      },
      "geometry": {
        "type": "Point",
        "coordinates": [
          -119.209469,
          40.774685
        ]
      }
    },
    {
      "type": "Feature",
      "properties": {
        "uid": "a1XVI00000FLqxS2AT",
        "name": "Good Question"
      },
      "geometry": {
        "type": "Point",
        "coordinates": [
          -119.205086,
          40.772043
        ]
      }
    },
    {
      "type": "Feature",
      "properties": {
        "uid": "a1XVI00000FLr0f2AD",
        "name": "Coffee and Pasties"
      },
      "geometry": {
        "type": "Point",
        "coordinates": [
          -119.202925,
          40.775541
        ]
      }
    },
    {
      "type": "Feature",
      "properties": {
        "uid": "a1XVI00000FLr2H2AT",
        "name": "SnowKoanSolar"
      },
      "geometry": {
        "type": "Point",
        "coordinates": [
          -119.218423,
          40.792106
        ]
      }
    },
    {
      "type": "Feature",
      "properties": {
        "uid": "a1XVI00000FLr3t2AD",
        "name": "Second Rodeo"
      },
      "geometry": {
        "type": "Point",
        "coordinates": [
          -119.220726,
          40.789279
        ]
      }
    },
    {
      "type": "Feature",
      "properties": {
        "uid": "a1XVI00000FLrQT2A1",
        "name": "Camp Tidy"
      },
      "geometry": {
        "type": "Point",
        "coordinates": [
          -119.204784,
          40.771454
        ]
      }
    },
    {
      "type": "Feature",
      "properties": {
        "uid": "a1XVI00000FLrS52AL",
        "name": "Alma Borekas"
      },
      "geometry": {
        "type": "Point",
        "coordinates": [
          -119.219714,
          40.77775
        ]
      }
    },
    {
      "type": "Feature",
      "properties": {
        "uid": "a1XVI00000FLrWv2AL",
        "name": "Flying Pegasus"
      },
      "geometry": {
        "type": "Point",
        "coordinates": [
          -119.216926,
          40.787784
        ]
      }
    },
    {
      "type": "Feature",
      "properties": {
        "uid": "a1XVI00000FLra92AD",
        "name": "Chain Reaction"
      },
      "geometry": {
        "type": "Point",
        "coordinates": [
          -119.21414,
          40.776439
        ]
      }
    },
    {
      "type": "Feature",
      "properties": {
        "uid": "a1XVI00000FLrbl2AD",
        "name": "The Island"
      },
      "geometry": {
        "type": "Point",
        "coordinates": [
          -119.22059,
          40.784736
        ]
      }
    },
    {
      "type": "Feature",
      "properties": {
        "uid": "a1XVI00000FLrdN2AT",
        "name": "Hot Noodz"
      },
      "geometry": {
        "type": "Point",
        "coordinates": [
          -119.218189,
          40.787545
        ]
      }
    },
    {
      "type": "Feature",
      "properties": {
        "uid": "a1XVI00000FLrgb2AD",
        "name": "SolarPlus"
      },
      "geometry": {
        "type": "Point",
        "coordinates": [
          -119.223437,
          40.786632
        ]
      }
    },
    {
      "type": "Feature",
      "properties": {
        "uid": "a1XVI00000FLtHG2A1",
        "name": "Healing Foot Wash Life Truth Love"
      },
      "geometry": {
        "type": "Point",
        "coordinates": [
          -119.211979,
          40.770559
        ]
      }
    },
    {
      "type": "Feature",
      "properties": {
        "uid": "a1XVI00000FLtSH2A1",
        "name": "Lusty Chanterelle Kombucha Bar"
      },
      "geometry": {
        "type": "Point",
        "coordinates": [
          -119.215452,
          40.778339
        ]
      }
    },
    {
      "type": "Feature",
      "properties": {
        "uid": "a1XVI00000FLtTt2AL",
        "name": "Illumination Village"
      },
      "geometry": {
        "type": "Point",
        "coordinates": [
          -119.206798,
          40.775825
        ]
      }
    },
    {
      "type": "Feature",
      "properties": {
        "uid": "a1XVI00000FLtVV2A1",
        "name": "Phonic Bloom"
      },
      "geometry": {
        "type": "Point",
        "coordinates": [
          -119.201888,
          40.773705
        ]
      }
    },
    {
      "type": "Feature",
      "properties": {
        "uid": "a1XVI00000FLu8D2AT",
        "name": "Burner Buddies"
      },
      "geometry": {
        "type": "Point",
        "coordinates": [
          -119.219031,
          40.780005
        ]
      }
    },
    {
      "type": "Feature",
      "properties": {
        "uid": "a1XVI00000FLuGH2A1",
        "name": "Monkey King Camp"
      },
      "geometry": {
        "type": "Point",
        "coordinates": [
          -119.190495,
          40.779167
        ]
      }
    },
    {
      "type": "Feature",
      "properties": {
        "uid": "a1XVI00000FLupl2AD",
        "name": "Camp Synthesis"
      },
      "geometry": {
        "type": "Point",
        "coordinates": [
          -119.214915,
          40.776408
        ]
      }
    },
    {
      "type": "Feature",
      "properties": {
        "uid": "a1XVI00000FLuxp2AD",
        "name": "Black Rock City Shipyard"
      },
      "geometry": {
        "type": "Point",
        "coordinates": [
          -119.213778,
          40.792788
        ]
      }
    },
    {
      "type": "Feature",
      "properties": {
        "uid": "a1XVI00000FLuzR2AT",
        "name": "The Club"
      },
      "geometry": {
        "type": "Point",
        "coordinates": [
          -119.203033,
          40.773755
        ]
      }
    },
    {
      "type": "Feature",
      "properties": {
        "uid": "a1XVI00000FLwEr2AL",
        "name": "Uncle Larry's Misguided Burners"
      },
      "geometry": {
        "type": "Point",
        "coordinates": [
          -119.203829,
          40.770975
        ]
      }
    },
    {
      "type": "Feature",
      "properties": {
        "uid": "a1XVI00000FLwtB2AT",
        "name": "Camp Scone Fucker"
      },
      "geometry": {
        "type": "Point",
        "coordinates": [
          -119.218255,
          40.775646
        ]
      }
    },
    {
      "type": "Feature",
      "properties": {
        "uid": "a1XVI00000FLyVR2A1",
        "name": "Camp TeaPunk"
      },
      "geometry": {
        "type": "Point",
        "coordinates": [
          -119.220426,
          40.778033
        ]
      }
    },
    {
      "type": "Feature",
      "properties": {
        "uid": "a1XVI00000FLywb2AD",
        "name": "Vivarium"
      },
      "geometry": {
        "type": "Point",
        "coordinates": [
          -119.218864,
          40.776754
        ]
      }
    },
    {
      "type": "Feature",
      "properties": {
        "uid": "a1XVI00000FLzJB2A1",
        "name": "Camp Sweaty Betty"
      },
      "geometry": {
        "type": "Point",
        "coordinates": [
          -119.220049,
          40.781882
        ]
      }
    },
    {
      "type": "Feature",
      "properties": {
        "uid": "a1XVI00000FM07B2AT",
        "name": "Nom De Plume"
      },
      "geometry": {
        "type": "Point",
        "coordinates": [
          -119.211335,
          40.79211
        ]
      }
    },
    {
      "type": "Feature",
      "properties": {
        "uid": "a1XVI00000FM0Tl2AL",
        "name": "Black Rock Yacht Club"
      },
      "geometry": {
        "type": "Point",
        "coordinates": [
          -119.224371,
          40.792465
        ]
      }
    },
    {
      "type": "Feature",
      "properties": {
        "uid": "a1XVI00000FM0aD2AT",
        "name": "StarFist"
      },
      "geometry": {
        "type": "Point",
        "coordinates": [
          -119.202136,
          40.774986
        ]
      }
    },
    {
      "type": "Feature",
      "properties": {
        "uid": "a1XVI00000FM0n72AD",
        "name": "Honkers Harbor"
      },
      "geometry": {
        "type": "Point",
        "coordinates": [
          -119.220518,
          40.787756
        ]
      }
    },
    {
      "type": "Feature",
      "properties": {
        "uid": "a1XVI00000FM0rx2AD",
        "name": "Camp Delicioso & Creperie"
      },
      "geometry": {
        "type": "Point",
        "coordinates": [
          -119.195699,
          40.77953
        ]
      }
    },
    {
      "type": "Feature",
      "properties": {
        "uid": "a1XVI00000FM1WH2A1",
        "name": "Camp Byte This"
      },
      "geometry": {
        "type": "Point",
        "coordinates": [
          -119.211672,
          40.792657
        ]
      }
    },
    {
      "type": "Feature",
      "properties": {
        "uid": "a1XVI00000FM1Xt2AL",
        "name": "CAMP WWIT"
      },
      "geometry": {
        "type": "Point",
        "coordinates": [
          -119.218747,
          40.778797
        ]
      }
    },
    {
      "type": "Feature",
      "properties": {
        "uid": "a1XVI00000FM27N2AT",
        "name": "BRC Ski Resort"
      },
      "geometry": {
        "type": "Point",
        "coordinates": [
          -119.214577,
          40.788982
        ]
      }
    },
    {
      "type": "Feature",
      "properties": {
        "uid": "a1XVI00000FM2fH2AT",
        "name": "Scotch & Hop"
      },
      "geometry": {
        "type": "Point",
        "coordinates": [
          -119.218985,
          40.790176
        ]
      }
    },
    {
      "type": "Feature",
      "properties": {
        "uid": "a1XVI00000FM2vN2AT",
        "name": "Blazing Death Ship"
      },
      "geometry": {
        "type": "Point",
        "coordinates": [
          -119.2066,
          40.774657
        ]
      }
    },
    {
      "type": "Feature",
      "properties": {
        "uid": "a1XVI00000FM3t32AD",
        "name": "Someplace Cozy"
      },
      "geometry": {
        "type": "Point",
        "coordinates": [
          -119.219231,
          40.77707
        ]
      }
    },
    {
      "type": "Feature",
      "properties": {
        "uid": "a1XVI00000FM44L2AT",
        "name": "The Gutter"
      },
      "geometry": {
        "type": "Point",
        "coordinates": [
          -119.213117,
          40.774789
        ]
      }
    },
    {
      "type": "Feature",
      "properties": {
        "uid": "a1XVI00000FM53d2AD",
        "name": "METAL MIMI Camp"
      },
      "geometry": {
        "type": "Point",
        "coordinates": [
          -119.198244,
          40.779341
        ]
      }
    },
    {
      "type": "Feature",
      "properties": {
        "uid": "a1XVI00000FM5Ob2AL",
        "name": "Death Guild Thunderdon't"
      },
      "geometry": {
        "type": "Point",
        "coordinates": [
          -119.216481,
          40.787266
        ]
      }
    },
    {
      "type": "Feature",
      "properties": {
        "uid": "a1XVI00000FM5gL2AT",
        "name": "Kamp Kaos"
      },
      "geometry": {
        "type": "Point",
        "coordinates": [
          -119.205666,
          40.775834
        ]
      }
    },
    {
      "type": "Feature",
      "properties": {
        "uid": "a1XVI00000FM6fd2AD",
        "name": "The Parlour Room"
      },
      "geometry": {
        "type": "Point",
        "coordinates": [
          -119.212957,
          40.791382
        ]
      }
    },
    {
      "type": "Feature",
      "properties": {
        "uid": "a1XVI00000FM6kT2AT",
        "name": "ELEMENTUM"
      },
      "geometry": {
        "type": "Point",
        "coordinates": [
          -119.214389,
          40.790851
        ]
      }
    },
    {
      "type": "Feature",
      "properties": {
        "uid": "a1XVI00000FM6nh2AD",
        "name": "Happy Hair Salon"
      },
      "geometry": {
        "type": "Point",
        "coordinates": [
          -119.211138,
          40.791057
        ]
      }
    },
    {
      "type": "Feature",
      "properties": {
        "uid": "a1XVI00000FM6u92AD",
        "name": "Wanderlust"
      },
      "geometry": {
        "type": "Point",
        "coordinates": [
          -119.209396,
          40.774248
        ]
      }
    },
    {
      "type": "Feature",
      "properties": {
        "uid": "a1XVI00000FM7Gj2AL",
        "name": "Gallavant"
      },
      "geometry": {
        "type": "Point",
        "coordinates": [
          -119.196417,
          40.773814
        ]
      }
    },
    {
      "type": "Feature",
      "properties": {
        "uid": "a1XVI00000FM7lN2AT",
        "name": "Space Cowboys"
      },
      "geometry": {
        "type": "Point",
        "coordinates": [
          -119.197197,
          40.777107
        ]
      }
    },
    {
      "type": "Feature",
      "properties": {
        "uid": "a1XVI00000FM7qD2AT",
        "name": "PLAYGROUND"
      },
      "geometry": {
        "type": "Point",
        "coordinates": [
          -119.195405,
          40.780153
        ]
      }
    },
    {
      "type": "Feature",
      "properties": {
        "uid": "a1XVI00000FM7zt2AD",
        "name": "The Hash House"
      },
      "geometry": {
        "type": "Point",
        "coordinates": [
          -119.217641,
          40.788937
        ]
      }
    },
    {
      "type": "Feature",
      "properties": {
        "uid": "a1XVI00000FM81V2AT",
        "name": "Black Rock City Passport Office"
      },
      "geometry": {
        "type": "Point",
        "coordinates": [
          -119.215801,
          40.77646
        ]
      }
    },
    {
      "type": "Feature",
      "properties": {
        "uid": "a1XVI00000FM87x2AD",
        "name": "Retrofrolic"
      },
      "geometry": {
        "type": "Point",
        "coordinates": [
          -119.222194,
          40.783589
        ]
      }
    },
    {
      "type": "Feature",
      "properties": {
        "uid": "a1XVI00000FM8Sv2AL",
        "name": "Paralunatics"
      },
      "geometry": {
        "type": "Point",
        "coordinates": [
          -119.220253,
          40.782751
        ]
      }
    },
    {
      "type": "Feature",
      "properties": {
        "uid": "a1XVI00000FM95d2AD",
        "name": "Gaudium Genus Aureus"
      },
      "geometry": {
        "type": "Point",
        "coordinates": [
          -119.221871,
          40.784657
        ]
      }
    },
    {
      "type": "Feature",
      "properties": {
        "uid": "a1XVI00000FM9NN2A1",
        "name": "Live Laugh Love Lounge"
      },
      "geometry": {
        "type": "Point",
        "coordinates": [
          -119.189738,
          40.776175
        ]
      }
    },
    {
      "type": "Feature",
      "properties": {
        "uid": "a1XVI00000FM9SD2A1",
        "name": "Art Support for Bass Snail"
      },
      "geometry": {
        "type": "Point",
        "coordinates": [
          -119.205798,
          40.76992
        ]
      }
    },
    {
      "type": "Feature",
      "properties": {
        "uid": "a1XVI00000FMA3J2AX",
        "name": "Slutty Microphone"
      },
      "geometry": {
        "type": "Point",
        "coordinates": [
          -119.217106,
          40.787568
        ]
      }
    },
    {
      "type": "Feature",
      "properties": {
        "uid": "a1XVI00000FMBU12AP",
        "name": "MUSE Café"
      },
      "geometry": {
        "type": "Point",
        "coordinates": [
          -119.221603,
          40.788036
        ]
      }
    },
    {
      "type": "Feature",
      "properties": {
        "uid": "a1XVI00000FMBp02AH",
        "name": "Temple O'Flying Spaghetti Monster"
      },
      "geometry": {
        "type": "Point",
        "coordinates": [
          -119.201509,
          40.775255
        ]
      }
    },
    {
      "type": "Feature",
      "properties": {
        "uid": "a1XVI00000FMByf2AH",
        "name": "Rumi's Tea House"
      },
      "geometry": {
        "type": "Point",
        "coordinates": [
          -119.21961,
          40.786109
        ]
      }
    },
    {
      "type": "Feature",
      "properties": {
        "uid": "a1XVI00000FMCBZ2A5",
        "name": "The Sultry Lodge"
      },
      "geometry": {
        "type": "Point",
        "coordinates": [
          -119.209902,
          40.774306
        ]
      }
    },
    {
      "type": "Feature",
      "properties": {
        "uid": "a1XVI00000FMCgd2AH",
        "name": "Preservation Society"
      },
      "geometry": {
        "type": "Point",
        "coordinates": [
          -119.20203,
          40.776238
        ]
      }
    },
    {
      "type": "Feature",
      "properties": {
        "uid": "a1XVI00000FMD7H2AX",
        "name": "GLAMCOCKS"
      },
      "geometry": {
        "type": "Point",
        "coordinates": [
          -119.221595,
          40.780842
        ]
      }
    },
    {
      "type": "Feature",
      "properties": {
        "uid": "a1XVI00000FMDKX2A5",
        "name": "BRC Snow Club"
      },
      "geometry": {
        "type": "Point",
        "coordinates": [
          -119.214193,
          40.788617
        ]
      }
    },
    {
      "type": "Feature",
      "properties": {
        "uid": "a1XVI00000FMDvd2AH",
        "name": "Om Skillet"
      },
      "geometry": {
        "type": "Point",
        "coordinates": [
          -119.206796,
          40.771047
        ]
      }
    },
    {
      "type": "Feature",
      "properties": {
        "uid": "a1XVI00000FME252AH",
        "name": "Petaled Portal"
      },
      "geometry": {
        "type": "Point",
        "coordinates": [
          -119.215399,
          40.791678
        ]
      }
    },
    {
      "type": "Feature",
      "properties": {
        "uid": "a1XVI00000FMEEz2AP",
        "name": "Lucid Dream Hideout"
      },
      "geometry": {
        "type": "Point",
        "coordinates": [
          -119.22136,
          40.791358
        ]
      }
    },
    {
      "type": "Feature",
      "properties": {
        "uid": "a1XVI00000FMEJp2AP",
        "name": "Vault 21+"
      },
      "geometry": {
        "type": "Point",
        "coordinates": [
          -119.215141,
          40.789467
        ]
      }
    },
    {
      "type": "Feature",
      "properties": {
        "uid": "a1XVI00000FMElF2AX",
        "name": "So Far So Good"
      },
      "geometry": {
        "type": "Point",
        "coordinates": [
          -119.205728,
          40.776035
        ]
      }
    },
    {
      "type": "Feature",
      "properties": {
        "uid": "a1XVI00000FMEzl2AH",
        "name": "OLYMPVS"
      },
      "geometry": {
        "type": "Point",
        "coordinates": [
          -119.204143,
          40.771849
        ]
      }
    },
    {
      "type": "Feature",
      "properties": {
        "uid": "a1XVI00000FMFFt2AP",
        "name": "Firelight & Lemonade"
      },
      "geometry": {
        "type": "Point",
        "coordinates": [
          -119.196867,
          40.777573
        ]
      }
    },
    {
      "type": "Feature",
      "properties": {
        "uid": "a1XVI00000FMFat2AH",
        "name": "Black Rock University"
      },
      "geometry": {
        "type": "Point",
        "coordinates": [
          -119.216397,
          40.786832
        ]
      }
    },
    {
      "type": "Feature",
      "properties": {
        "uid": "a1XVI00000FMG0f2AH",
        "name": "Barbie Day Spa"
      },
      "geometry": {
        "type": "Point",
        "coordinates": [
          -119.214852,
          40.77463
        ]
      }
    },
    {
      "type": "Feature",
      "properties": {
        "uid": "a1XVI00000FMGv72AH",
        "name": "Playa Alterations"
      },
      "geometry": {
        "type": "Point",
        "coordinates": [
          -119.217304,
          40.787972
        ]
      }
    },
    {
      "type": "Feature",
      "properties": {
        "uid": "a1XVI00000FMH812AH",
        "name": "Cold Yogis"
      },
      "geometry": {
        "type": "Point",
        "coordinates": [
          -119.219712,
          40.77612
        ]
      }
    },
    {
      "type": "Feature",
      "properties": {
        "uid": "a1XVI00000FMHuP2AX",
        "name": "Bo_b Squad"
      },
      "geometry": {
        "type": "Point",
        "coordinates": [
          -119.196202,
          40.780683
        ]
      }
    },
    {
      "type": "Feature",
      "properties": {
        "uid": "a1XVI00000FMIk22AH",
        "name": "PLAYA 54"
      },
      "geometry": {
        "type": "Point",
        "coordinates": [
          -119.219093,
          40.787253
        ]
      }
    },
    {
      "type": "Feature",
      "properties": {
        "uid": "a1XVI00000FMIld2AH",
        "name": "Lakes on the Playa Village"
      },
      "geometry": {
        "type": "Point",
        "coordinates": [
          -119.203515,
          40.776788
        ]
      }
    },
    {
      "type": "Feature",
      "properties": {
        "uid": "a1XVI00000FMJD42AP",
        "name": "Dusty Scouts of Camp Campy Camp"
      },
      "geometry": {
        "type": "Point",
        "coordinates": [
          -119.205584,
          40.775567
        ]
      }
    },
    {
      "type": "Feature",
      "properties": {
        "uid": "a1XVI00000FMJZd2AP",
        "name": "Short Bus Coffee Camp"
      },
      "geometry": {
        "type": "Point",
        "coordinates": [
          -119.218219,
          40.785711
        ]
      }
    },
    {
      "type": "Feature",
      "properties": {
        "uid": "a1XVI00000FMJbF2AX",
        "name": "Sparkle Camels Costume Bazaar"
      },
      "geometry": {
        "type": "Point",
        "coordinates": [
          -119.2176,
          40.78719
        ]
      }
    },
    {
      "type": "Feature",
      "properties": {
        "uid": "a1XVI00000FMJcr2AH",
        "name": "Friendlandia"
      },
      "geometry": {
        "type": "Point",
        "coordinates": [
          -119.216595,
          40.788143
        ]
      }
    },
    {
      "type": "Feature",
      "properties": {
        "uid": "a1XVI00000FMJeT2AX",
        "name": "Comfort & Joy"
      },
      "geometry": {
        "type": "Point",
        "coordinates": [
          -119.22147,
          40.779826
        ]
      }
    },
    {
      "type": "Feature",
      "properties": {
        "uid": "a1XVI00000FMJkv2AH",
        "name": "SOLARPUNKS"
      },
      "geometry": {
        "type": "Point",
        "coordinates": [
          -119.187868,
          40.777488
        ]
      }
    },
    {
      "type": "Feature",
      "properties": {
        "uid": "a1XVI00000FMJsz2AH",
        "name": "HAPPINESS AND JOY TOUR MASSAGE"
      },
      "geometry": {
        "type": "Point",
        "coordinates": [
          -119.208151,
          40.773767
        ]
      }
    },
    {
      "type": "Feature",
      "properties": {
        "uid": "a1XVI00000FMJub2AH",
        "name": "Cameltopia"
      },
      "geometry": {
        "type": "Point",
        "coordinates": [
          -119.204611,
          40.772934
        ]
      }
    },
    {
      "type": "Feature",
      "properties": {
        "uid": "a1XVI00000FMJwD2AX",
        "name": "KashyyyK"
      },
      "geometry": {
        "type": "Point",
        "coordinates": [
          -119.221088,
          40.786853
        ]
      }
    },
    {
      "type": "Feature",
      "properties": {
        "uid": "a1XVI00000FMK2f2AH",
        "name": "Gigsville"
      },
      "geometry": {
        "type": "Point",
        "coordinates": [
          -119.212487,
          40.772113
        ]
      }
    },
    {
      "type": "Feature",
      "properties": {
        "uid": "a1XVI00000FMK5t2AH",
        "name": "The Wastelanders"
      },
      "geometry": {
        "type": "Point",
        "coordinates": [
          -119.214113,
          40.777885
        ]
      }
    },
    {
      "type": "Feature",
      "properties": {
        "uid": "a1XVI00000FMKDx2AP",
        "name": "Synaesthesia"
      },
      "geometry": {
        "type": "Point",
        "coordinates": [
          -119.221245,
          40.786315
        ]
      }
    },
    {
      "type": "Feature",
      "properties": {
        "uid": "a1XVI00000FMKXJ2A5",
        "name": "Suburbia"
      },
      "geometry": {
        "type": "Point",
        "coordinates": [
          -119.216293,
          40.786516
        ]
      }
    },
    {
      "type": "Feature",
      "properties": {
        "uid": "a1XVI00000FMKp32AH",
        "name": "ROCA"
      },
      "geometry": {
        "type": "Point",
        "coordinates": [
          -119.202055,
          40.773646
        ]
      }
    },
    {
      "type": "Feature",
      "properties": {
        "uid": "a1XVI00000FMKsH2AX",
        "name": "Camp Cohere"
      },
      "geometry": {
        "type": "Point",
        "coordinates": [
          -119.195433,
          40.778532
        ]
      }
    },
    {
      "type": "Feature",
      "properties": {
        "uid": "a1XVI00000FML1x2AH",
        "name": "Desert Dragon"
      },
      "geometry": {
        "type": "Point",
        "coordinates": [
          -119.19138,
          40.779602
        ]
      }
    },
    {
      "type": "Feature",
      "properties": {
        "uid": "a1XVI00000FMLEr2AP",
        "name": "Pilov's House"
      },
      "geometry": {
        "type": "Point",
        "coordinates": [
          -119.195967,
          40.777792
        ]
      }
    },
    {
      "type": "Feature",
      "properties": {
        "uid": "a1XVI00000FMLGT2A5",
        "name": "Royal Honey"
      },
      "geometry": {
        "type": "Point",
        "coordinates": [
          -119.218273,
          40.7866
        ]
      }
    },
    {
      "type": "Feature",
      "properties": {
        "uid": "a1XVI00000FMLJh2AP",
        "name": "B.E.D Bureau of Erotic Discourse"
      },
      "geometry": {
        "type": "Point",
        "coordinates": [
          -119.219319,
          40.775756
        ]
      }
    },
    {
      "type": "Feature",
      "properties": {
        "uid": "a1XVI00000FMLRl2AP",
        "name": "Lost Art"
      },
      "geometry": {
        "type": "Point",
        "coordinates": [
          -119.2163,
          40.788432
        ]
      }
    },
    {
      "type": "Feature",
      "properties": {
        "uid": "a1XVI00000FMLef2AH",
        "name": "Soft Landing"
      },
      "geometry": {
        "type": "Point",
        "coordinates": [
          -119.221992,
          40.777576
        ]
      }
    },
    {
      "type": "Feature",
      "properties": {
        "uid": "a1XVI00000FMLht2AH",
        "name": "The Pearly Gate"
      },
      "geometry": {
        "type": "Point",
        "coordinates": [
          -119.21941,
          40.785319
        ]
      }
    },
    {
      "type": "Feature",
      "properties": {
        "uid": "a1XVI00000FMLl72AH",
        "name": "Suspended Animation"
      },
      "geometry": {
        "type": "Point",
        "coordinates": [
          -119.219449,
          40.781311
        ]
      }
    },
    {
      "type": "Feature",
      "properties": {
        "uid": "a1XVI00000FMLmj2AH",
        "name": "Camp Canadianderthal"
      },
      "geometry": {
        "type": "Point",
        "coordinates": [
          -119.215643,
          40.791549
        ]
      }
    },
    {
      "type": "Feature",
      "properties": {
        "uid": "a1XVI00000FMLoL2AX",
        "name": "Way Way SuperGood"
      },
      "geometry": {
        "type": "Point",
        "coordinates": [
          -119.207513,
          40.774915
        ]
      }
    },
    {
      "type": "Feature",
      "properties": {
        "uid": "a1XVI00000FMLrZ2AX",
        "name": "Secret Passage"
      },
      "geometry": {
        "type": "Point",
        "coordinates": [
          -119.216509,
          40.776002
        ]
      }
    },
    {
      "type": "Feature",
      "properties": {
        "uid": "a1XVI00000FMLtB2AX",
        "name": "Fermented Reality"
      },
      "geometry": {
        "type": "Point",
        "coordinates": [
          -119.219216,
          40.780517
        ]
      }
    },
    {
      "type": "Feature",
      "properties": {
        "uid": "a1XVI00000FMLun2AH",
        "name": "Misters & Sisters"
      },
      "geometry": {
        "type": "Point",
        "coordinates": [
          -119.196548,
          40.776543
        ]
      }
    },
    {
      "type": "Feature",
      "properties": {
        "uid": "a1XVI00000FMLwP2AX",
        "name": "Cinematic Regrets"
      },
      "geometry": {
        "type": "Point",
        "coordinates": [
          -119.218826,
          40.776228
        ]
      }
    },
    {
      "type": "Feature",
      "properties": {
        "uid": "a1XVI00000FMLy12AH",
        "name": "Freeloader Pizza Kitchen"
      },
      "geometry": {
        "type": "Point",
        "coordinates": [
          -119.221578,
          40.781595
        ]
      }
    },
    {
      "type": "Feature",
      "properties": {
        "uid": "a1XVI00000FMLzd2AH",
        "name": "Mad Tea(se) Party"
      },
      "geometry": {
        "type": "Point",
        "coordinates": [
          -119.217627,
          40.782194
        ]
      }
    },
    {
      "type": "Feature",
      "properties": {
        "uid": "a1XVI00000FMM372AH",
        "name": "Mobility Camp"
      },
      "geometry": {
        "type": "Point",
        "coordinates": [
          -119.217018,
          40.779674
        ]
      }
    },
    {
      "type": "Feature",
      "properties": {
        "uid": "a1XVI00000FMM7h2AH",
        "name": "Camp Just Ahead"
      },
      "geometry": {
        "type": "Point",
        "coordinates": [
          -119.218529,
          40.774922
        ]
      }
    },
    {
      "type": "Feature",
      "properties": {
        "uid": "a1XVI00000FMM9J2AX",
        "name": "Luminos"
      },
      "geometry": {
        "type": "Point",
        "coordinates": [
          -119.203473,
          40.774377
        ]
      }
    },
    {
      "type": "Feature",
      "properties": {
        "uid": "a1XVI00000FMMAv2AP",
        "name": "Titicaca"
      },
      "geometry": {
        "type": "Point",
        "coordinates": [
          -119.195773,
          40.774436
        ]
      }
    },
    {
      "type": "Feature",
      "properties": {
        "uid": "a1XVI00000FMMCX2A5",
        "name": "The GASS Co."
      },
      "geometry": {
        "type": "Point",
        "coordinates": [
          -119.216956,
          40.791311
        ]
      }
    },
    {
      "type": "Feature",
      "properties": {
        "uid": "a1XVI00000FMMCY2A5",
        "name": "DayCare"
      },
      "geometry": {
        "type": "Point",
        "coordinates": [
          -119.216036,
          40.788002
        ]
      }
    },
    {
      "type": "Feature",
      "properties": {
        "uid": "a1XVI00000FMME92AP",
        "name": "RIPPERS ROW"
      },
      "geometry": {
        "type": "Point",
        "coordinates": [
          -119.201071,
          40.777488
        ]
      }
    },
    {
      "type": "Feature",
      "properties": {
        "uid": "a1XVI00000FMMFl2AP",
        "name": "Kosmik Dust"
      },
      "geometry": {
        "type": "Point",
        "coordinates": [
          -119.214965,
          40.778265
        ]
      }
    },
    {
      "type": "Feature",
      "properties": {
        "uid": "a1XVI00000FMMHN2A5",
        "name": "Kinsey Walhberg Field Lab"
      },
      "geometry": {
        "type": "Point",
        "coordinates": [
          -119.216815,
          40.791401
        ]
      }
    },
    {
      "type": "Feature",
      "properties": {
        "uid": "a1XVI00000FMMIz2AP",
        "name": "HYPERSPACE"
      },
      "geometry": {
        "type": "Point",
        "coordinates": [
          -119.219548,
          40.78215
        ]
      }
    },
    {
      "type": "Feature",
      "properties": {
        "uid": "a1XVI00000FMMKb2AP",
        "name": "Swirl Support"
      },
      "geometry": {
        "type": "Point",
        "coordinates": [
          -119.206845,
          40.773866
        ]
      }
    },
    {
      "type": "Feature",
      "properties": {
        "uid": "a1XVI00000FMMNq2AP",
        "name": "Enchanted Booty Forest"
      },
      "geometry": {
        "type": "Point",
        "coordinates": [
          -119.214365,
          40.775632
        ]
      }
    },
    {
      "type": "Feature",
      "properties": {
        "uid": "a1XVI00000FMMSf2AP",
        "name": "Kaleidoscope"
      },
      "geometry": {
        "type": "Point",
        "coordinates": [
          -119.216299,
          40.790027
        ]
      }
    },
    {
      "type": "Feature",
      "properties": {
        "uid": "a1XVI00000FMMUH2A5",
        "name": "Dusty Dillas"
      },
      "geometry": {
        "type": "Point",
        "coordinates": [
          -119.213429,
          40.771317
        ]
      }
    },
    {
      "type": "Feature",
      "properties": {
        "uid": "a1XVI00000FMMVt2AP",
        "name": "Pepperland"
      },
      "geometry": {
        "type": "Point",
        "coordinates": [
          -119.221718,
          40.775611
        ]
      }
    },
    {
      "type": "Feature",
      "properties": {
        "uid": "a1XVI00000FMMdx2AH",
        "name": "Playa Glass"
      },
      "geometry": {
        "type": "Point",
        "coordinates": [
          -119.217285,
          40.789378
        ]
      }
    },
    {
      "type": "Feature",
      "properties": {
        "uid": "a1XVI00000FMMin2AH",
        "name": "Homeslice"
      },
      "geometry": {
        "type": "Point",
        "coordinates": [
          -119.206671,
          40.770489
        ]
      }
    },
    {
      "type": "Feature",
      "properties": {
        "uid": "a1XVI00000FMMkP2AX",
        "name": "Zazen"
      },
      "geometry": {
        "type": "Point",
        "coordinates": [
          -119.203542,
          40.772259
        ]
      }
    },
    {
      "type": "Feature",
      "properties": {
        "uid": "a1XVI00000FMMm12AH",
        "name": "Skrambles**!*"
      },
      "geometry": {
        "type": "Point",
        "coordinates": [
          -119.220545,
          40.792003
        ]
      }
    },
    {
      "type": "Feature",
      "properties": {
        "uid": "a1XVI00000FMMnd2AH",
        "name": "Awkward & Tawdry Lounge"
      },
      "geometry": {
        "type": "Point",
        "coordinates": [
          -119.217579,
          40.781966
        ]
      }
    },
    {
      "type": "Feature",
      "properties": {
        "uid": "a1XVI00000FMMqr2AH",
        "name": "plop!"
      },
      "geometry": {
        "type": "Point",
        "coordinates": [
          -119.212679,
          40.791088
        ]
      }
    },
    {
      "type": "Feature",
      "properties": {
        "uid": "a1XVI00000FMMvh2AH",
        "name": "Groove Oasis"
      },
      "geometry": {
        "type": "Point",
        "coordinates": [
          -119.219532,
          40.787381
        ]
      }
    },
    {
      "type": "Feature",
      "properties": {
        "uid": "a1XVI00000FMMyv2AH",
        "name": "Siren's Cove"
      },
      "geometry": {
        "type": "Point",
        "coordinates": [
          -119.20099,
          40.775
        ]
      }
    },
    {
      "type": "Feature",
      "properties": {
        "uid": "a1XVI00000FMN0X2AX",
        "name": "Mutant Ninja Burners"
      },
      "geometry": {
        "type": "Point",
        "coordinates": [
          -119.203145,
          40.774549
        ]
      }
    },
    {
      "type": "Feature",
      "properties": {
        "uid": "a1XVI00000FMN292AH",
        "name": "Zeniza"
      },
      "geometry": {
        "type": "Point",
        "coordinates": [
          -119.217546,
          40.790301
        ]
      }
    },
    {
      "type": "Feature",
      "properties": {
        "uid": "a1XVI00000FMN6z2AH",
        "name": "Matcha Mama"
      },
      "geometry": {
        "type": "Point",
        "coordinates": [
          -119.19558,
          40.777616
        ]
      }
    },
    {
      "type": "Feature",
      "properties": {
        "uid": "a1XVI00000FMN8b2AH",
        "name": "LEGENDARY Playground of the Gods"
      },
      "geometry": {
        "type": "Point",
        "coordinates": [
          -119.20726,
          40.771628
        ]
      }
    },
    {
      "type": "Feature",
      "properties": {
        "uid": "a1XVI00000FMNBp2AP",
        "name": "Astral Lab"
      },
      "geometry": {
        "type": "Point",
        "coordinates": [
          -119.212795,
          40.795336
        ]
      }
    },
    {
      "type": "Feature",
      "properties": {
        "uid": "a1XVI00000FMNDR2A5",
        "name": "Sakenoma"
      },
      "geometry": {
        "type": "Point",
        "coordinates": [
          -119.209369,
          40.775854
        ]
      }
    },
    {
      "type": "Feature",
      "properties": {
        "uid": "a1XVI00000FMNF32AP",
        "name": "NYC Deli"
      },
      "geometry": {
        "type": "Point",
        "coordinates": [
          -119.218919,
          40.789682
        ]
      }
    },
    {
      "type": "Feature",
      "properties": {
        "uid": "a1XVI00000FMNIH2A5",
        "name": "Janky Barge"
      },
      "geometry": {
        "type": "Point",
        "coordinates": [
          -119.207027,
          40.773153
        ]
      }
    },
    {
      "type": "Feature",
      "properties": {
        "uid": "a1XVI00000FMNJt2AP",
        "name": "Camp Fucking Magical"
      },
      "geometry": {
        "type": "Point",
        "coordinates": [
          -119.210186,
          40.770716
        ]
      }
    },
    {
      "type": "Feature",
      "properties": {
        "uid": "a1XVI00000FMNLV2A5",
        "name": "Book Club"
      },
      "geometry": {
        "type": "Point",
        "coordinates": [
          -119.213529,
          40.790276
        ]
      }
    },
    {
      "type": "Feature",
      "properties": {
        "uid": "a1XVI00000FMNN72AP",
        "name": "Hodge Podge"
      },
      "geometry": {
        "type": "Point",
        "coordinates": [
          -119.217814,
          40.788762
        ]
      }
    },
    {
      "type": "Feature",
      "properties": {
        "uid": "a1XVI00000FMNOj2AP",
        "name": "Camp Darling"
      },
      "geometry": {
        "type": "Point",
        "coordinates": [
          -119.220354,
          40.782969
        ]
      }
    },
    {
      "type": "Feature",
      "properties": {
        "uid": "a1XVI00000FMNRx2AP",
        "name": "Joie de Vivre"
      },
      "geometry": {
        "type": "Point",
        "coordinates": [
          -119.202477,
          40.773505
        ]
      }
    },
    {
      "type": "Feature",
      "properties": {
        "uid": "a1XVI00000FMNTZ2A5",
        "name": "Cosmic Llama"
      },
      "geometry": {
        "type": "Point",
        "coordinates": [
          -119.2044,
          40.772012
        ]
      }
    },
    {
      "type": "Feature",
      "properties": {
        "uid": "a1XVI00000FMNWo2AP",
        "name": "Uli Baba & the Horny Thieves"
      },
      "geometry": {
        "type": "Point",
        "coordinates": [
          -119.20694,
          40.774975
        ]
      }
    },
    {
      "type": "Feature",
      "properties": {
        "uid": "a1XVI00000FMNYP2A5",
        "name": "fruitPOP"
      },
      "geometry": {
        "type": "Point",
        "coordinates": [
          -119.221972,
          40.779124
        ]
      }
    },
    {
      "type": "Feature",
      "properties": {
        "uid": "a1XVI00000FMNa12AH",
        "name": "Shitty Wood"
      },
      "geometry": {
        "type": "Point",
        "coordinates": [
          -119.218659,
          40.78239
        ]
      }
    },
    {
      "type": "Feature",
      "properties": {
        "uid": "a1XVI00000FMNdF2AX",
        "name": "Next Year on Luna"
      },
      "geometry": {
        "type": "Point",
        "coordinates": [
          -119.221746,
          40.783511
        ]
      }
    },
    {
      "type": "Feature",
      "properties": {
        "uid": "a1XVI00000FMNi52AH",
        "name": "Snack Shack"
      },
      "geometry": {
        "type": "Point",
        "coordinates": [
          -119.197981,
          40.778184
        ]
      }
    },
    {
      "type": "Feature",
      "properties": {
        "uid": "a1XVI00000FMNjh2AH",
        "name": "PlovKraft"
      },
      "geometry": {
        "type": "Point",
        "coordinates": [
          -119.217254,
          40.782914
        ]
      }
    },
    {
      "type": "Feature",
      "properties": {
        "uid": "a1XVI00000FMNmv2AH",
        "name": "Nudibranch"
      },
      "geometry": {
        "type": "Point",
        "coordinates": [
          -119.22204,
          40.781612
        ]
      }
    },
    {
      "type": "Feature",
      "properties": {
        "uid": "a1XVI00000FMNoX2AX",
        "name": "Pink Heart"
      },
      "geometry": {
        "type": "Point",
        "coordinates": [
          -119.215012,
          40.787985
        ]
      }
    },
    {
      "type": "Feature",
      "properties": {
        "uid": "a1XVI00000FMNq92AH",
        "name": "Harmonic Convergence Camp"
      },
      "geometry": {
        "type": "Point",
        "coordinates": [
          -119.206266,
          40.770309
        ]
      }
    },
    {
      "type": "Feature",
      "properties": {
        "uid": "a1XVI00000FMNrl2AH",
        "name": "MindShark"
      },
      "geometry": {
        "type": "Point",
        "coordinates": [
          -119.201576,
          40.777877
        ]
      }
    },
    {
      "type": "Feature",
      "properties": {
        "uid": "a1XVI00000FMNtN2AX",
        "name": "Atlantis"
      },
      "geometry": {
        "type": "Point",
        "coordinates": [
          -119.207133,
          40.774125
        ]
      }
    },
    {
      "type": "Feature",
      "properties": {
        "uid": "a1XVI00000FMNwb2AH",
        "name": "Do Baskets Dream"
      },
      "geometry": {
        "type": "Point",
        "coordinates": [
          -119.215987,
          40.790367
        ]
      }
    },
    {
      "type": "Feature",
      "properties": {
        "uid": "a1XVI00000FMNyD2AX",
        "name": "The Pleasure Dairy"
      },
      "geometry": {
        "type": "Point",
        "coordinates": [
          -119.204403,
          40.771378
        ]
      }
    },
    {
      "type": "Feature",
      "properties": {
        "uid": "a1XVI00000FMO1R2AX",
        "name": "Camp Seem to Leave"
      },
      "geometry": {
        "type": "Point",
        "coordinates": [
          -119.21853,
          40.777178
        ]
      }
    },
    {
      "type": "Feature",
      "properties": {
        "uid": "a1XVI00000FMO332AH",
        "name": "My Favorite Things"
      },
      "geometry": {
        "type": "Point",
        "coordinates": [
          -119.215114,
          40.790892
        ]
      }
    },
    {
      "type": "Feature",
      "properties": {
        "uid": "a1XVI00000FMO4f2AH",
        "name": "Drink and Drive-In"
      },
      "geometry": {
        "type": "Point",
        "coordinates": [
          -119.219161,
          40.774431
        ]
      }
    },
    {
      "type": "Feature",
      "properties": {
        "uid": "a1XVI00000FMO6H2AX",
        "name": "Nipple Crime"
      },
      "geometry": {
        "type": "Point",
        "coordinates": [
          -119.222895,
          40.786779
        ]
      }
    },
    {
      "type": "Feature",
      "properties": {
        "uid": "a1XVI00000FMO7t2AH",
        "name": "Venice Red Light"
      },
      "geometry": {
        "type": "Point",
        "coordinates": [
          -119.197426,
          40.780846
        ]
      }
    },
    {
      "type": "Feature",
      "properties": {
        "uid": "a1XVI00000FMO9V2AX",
        "name": "Shuttlecocks"
      },
      "geometry": {
        "type": "Point",
        "coordinates": [
          -119.22078,
          40.787307
        ]
      }
    },
    {
      "type": "Feature",
      "properties": {
        "uid": "a1XVI00000FMOB72AP",
        "name": "Jail of Hedone"
      },
      "geometry": {
        "type": "Point",
        "coordinates": [
          -119.221159,
          40.777099
        ]
      }
    },
    {
      "type": "Feature",
      "properties": {
        "uid": "a1XVI00000FMOCj2AP",
        "name": "Kidsville"
      },
      "geometry": {
        "type": "Point",
        "coordinates": [
          -119.210472,
          40.771659
        ]
      }
    },
    {
      "type": "Feature",
      "properties": {
        "uid": "a1XVI00000FMOEL2A5",
        "name": "Vietnamese Iced Coffee Experience"
      },
      "geometry": {
        "type": "Point",
        "coordinates": [
          -119.222926,
          40.780546
        ]
      }
    },
    {
      "type": "Feature",
      "properties": {
        "uid": "a1XVI00000FMOFx2AP",
        "name": "NumbSkulls"
      },
      "geometry": {
        "type": "Point",
        "coordinates": [
          -119.224646,
          40.792114
        ]
      }
    },
    {
      "type": "Feature",
      "properties": {
        "uid": "a1XVI00000FMOHZ2A5",
        "name": "Drawn Inn"
      },
      "geometry": {
        "type": "Point",
        "coordinates": [
          -119.22577,
          40.783432
        ]
      }
    },
    {
      "type": "Feature",
      "properties": {
        "uid": "a1XVI00000FMOJB2A5",
        "name": "Rabbit Hole"
      },
      "geometry": {
        "type": "Point",
        "coordinates": [
          -119.215339,
          40.789776
        ]
      }
    },
    {
      "type": "Feature",
      "properties": {
        "uid": "a1XVI00000FMOKn2AP",
        "name": "dust & stars"
      },
      "geometry": {
        "type": "Point",
        "coordinates": [
          -119.218709,
          40.782918
        ]
      }
    },
    {
      "type": "Feature",
      "properties": {
        "uid": "a1XVI00000FMOKo2AP",
        "name": "Maison Phi"
      },
      "geometry": {
        "type": "Point",
        "coordinates": [
          -119.211886,
          40.792065
        ]
      }
    },
    {
      "type": "Feature",
      "properties": {
        "uid": "a1XVI00000FMOO12AP",
        "name": "Mystopia"
      },
      "geometry": {
        "type": "Point",
        "coordinates": [
          -119.221446,
          40.777999
        ]
      }
    },
    {
      "type": "Feature",
      "properties": {
        "uid": "a1XVI00000FMOPd2AP",
        "name": "Hotel Lobby"
      },
      "geometry": {
        "type": "Point",
        "coordinates": [
          -119.218808,
          40.791065
        ]
      }
    },
    {
      "type": "Feature",
      "properties": {
        "uid": "a1XVI00000FMORF2A5",
        "name": "Udder Nonsense"
      },
      "geometry": {
        "type": "Point",
        "coordinates": [
          -119.199606,
          40.77756
        ]
      }
    },
    {
      "type": "Feature",
      "properties": {
        "uid": "a1XVI00000FMOW52AP",
        "name": "The Den"
      },
      "geometry": {
        "type": "Point",
        "coordinates": [
          -119.217999,
          40.788682
        ]
      }
    },
    {
      "type": "Feature",
      "properties": {
        "uid": "a1XVI00000FMOXh2AP",
        "name": "NOT BORING"
      },
      "geometry": {
        "type": "Point",
        "coordinates": [
          -119.189949,
          40.77931
        ]
      }
    },
    {
      "type": "Feature",
      "properties": {
        "uid": "a1XVI00000FMOzB2AX",
        "name": "Religious As Fuck"
      },
      "geometry": {
        "type": "Point",
        "coordinates": [
          -119.200822,
          40.77602
        ]
      }
    },
    {
      "type": "Feature",
      "properties": {
        "uid": "a1XVI00000FMPC12AP",
        "name": "8-bit Bunny"
      },
      "geometry": {
        "type": "Point",
        "coordinates": [
          -119.222772,
          40.779849
        ]
      }
    },
    {
      "type": "Feature",
      "properties": {
        "uid": "a1XVI00000FMPDd2AP",
        "name": "MUSE (Maenad University)"
      },
      "geometry": {
        "type": "Point",
        "coordinates": [
          -119.206487,
          40.772416
        ]
      }
    },
    {
      "type": "Feature",
      "properties": {
        "uid": "a1XVI00000FMPFF2A5",
        "name": "Illuminaughty"
      },
      "geometry": {
        "type": "Point",
        "coordinates": [
          -119.219313,
          40.792522
        ]
      }
    },
    {
      "type": "Feature",
      "properties": {
        "uid": "a1XVI00000FMPGr2AP",
        "name": "Black Rock Academy"
      },
      "geometry": {
        "type": "Point",
        "coordinates": [
          -119.215405,
          40.775323
        ]
      }
    },
    {
      "type": "Feature",
      "properties": {
        "uid": "a1XVI00000FMPIT2A5",
        "name": "It's Only Natural"
      },
      "geometry": {
        "type": "Point",
        "coordinates": [
          -119.220389,
          40.78098
        ]
      }
    },
    {
      "type": "Feature",
      "properties": {
        "uid": "a1XVI00000FMPK52AP",
        "name": "The G-Spot & Sloth Sinema"
      },
      "geometry": {
        "type": "Point",
        "coordinates": [
          -119.220894,
          40.779603
        ]
      }
    },
    {
      "type": "Feature",
      "properties": {
        "uid": "a1XVI00000FMPOv2AP",
        "name": "Native Tongues"
      },
      "geometry": {
        "type": "Point",
        "coordinates": [
          -119.217779,
          40.776387
        ]
      }
    },
    {
      "type": "Feature",
      "properties": {
        "uid": "a1XVI00000FMPQX2A5",
        "name": "Owl and the Pussycat"
      },
      "geometry": {
        "type": "Point",
        "coordinates": [
          -119.211482,
          40.770893
        ]
      }
    },
    {
      "type": "Feature",
      "properties": {
        "uid": "a1XVI00000FMPTl2AP",
        "name": "Last Camp Sitting"
      },
      "geometry": {
        "type": "Point",
        "coordinates": [
          -119.213853,
          40.790119
        ]
      }
    },
    {
      "type": "Feature",
      "properties": {
        "uid": "a1XVI00000FMPVN2A5",
        "name": "Temple Camp"
      },
      "geometry": {
        "type": "Point",
        "coordinates": [
          -119.195601,
          40.776318
        ]
      }
    },
    {
      "type": "Feature",
      "properties": {
        "uid": "a1XVI00000FMPWz2AP",
        "name": "A Shack of Sit"
      },
      "geometry": {
        "type": "Point",
        "coordinates": [
          -119.216978,
          40.780792
        ]
      }
    },
    {
      "type": "Feature",
      "properties": {
        "uid": "a1XVI00000FMPYb2AP",
        "name": "PickleBack Mountain"
      },
      "geometry": {
        "type": "Point",
        "coordinates": [
          -119.218442,
          40.789404
        ]
      }
    },
    {
      "type": "Feature",
      "properties": {
        "uid": "a1XVI00000FMPaD2AX",
        "name": "Playa Piano Bar and Lounge"
      },
      "geometry": {
        "type": "Point",
        "coordinates": [
          -119.219162,
          40.782599
        ]
      }
    },
    {
      "type": "Feature",
      "properties": {
        "uid": "a1XVI00000FMPbp2AH",
        "name": "New Desert Outpost"
      },
      "geometry": {
        "type": "Point",
        "coordinates": [
          -119.204914,
          40.770726
        ]
      }
    },
    {
      "type": "Feature",
      "properties": {
        "uid": "a1XVI00000FMPf32AH",
        "name": "Stimulation Station"
      },
      "geometry": {
        "type": "Point",
        "coordinates": [
          -119.199055,
          40.777905
        ]
      }
    },
    {
      "type": "Feature",
      "properties": {
        "uid": "a1XVI00000FMPgf2AH",
        "name": "A&mpersand"
      },
      "geometry": {
        "type": "Point",
        "coordinates": [
          -119.221049,
          40.781361
        ]
      }
    },
    {
      "type": "Feature",
      "properties": {
        "uid": "a1XVI00000FMPn72AH",
        "name": "Wok Paper Scissors"
      },
      "geometry": {
        "type": "Point",
        "coordinates": [
          -119.21354,
          40.797588
        ]
      }
    },
    {
      "type": "Feature",
      "properties": {
        "uid": "a1XVI00000FMPoj2AH",
        "name": "Moonlight Collective"
      },
      "geometry": {
        "type": "Point",
        "coordinates": [
          -119.19517,
          40.776881
        ]
      }
    },
    {
      "type": "Feature",
      "properties": {
        "uid": "a1XVI00000FMPqL2AX",
        "name": "Parley"
      },
      "geometry": {
        "type": "Point",
        "coordinates": [
          -119.201417,
          40.773461
        ]
      }
    },
    {
      "type": "Feature",
      "properties": {
        "uid": "a1XVI00000FMPry2AH",
        "name": "Pickle Joint"
      },
      "geometry": {
        "type": "Point",
        "coordinates": [
          -119.218277,
          40.775117
        ]
      }
    },
    {
      "type": "Feature",
      "properties": {
        "uid": "a1XVI00000FMPtZ2AX",
        "name": "Square One"
      },
      "geometry": {
        "type": "Point",
        "coordinates": [
          -119.203617,
          40.773002
        ]
      }
    },
    {
      "type": "Feature",
      "properties": {
        "uid": "a1XVI00000FMPvB2AX",
        "name": "Playa Circuit Boogie"
      },
      "geometry": {
        "type": "Point",
        "coordinates": [
          -119.208875,
          40.773863
        ]
      }
    },
    {
      "type": "Feature",
      "properties": {
        "uid": "a1XVI00000FMPwn2AH",
        "name": "Hookahdome"
      },
      "geometry": {
        "type": "Point",
        "coordinates": [
          -119.206362,
          40.776148
        ]
      }
    },
    {
      "type": "Feature",
      "properties": {
        "uid": "a1XVI00000FMPyP2AX",
        "name": "Aah Wonder"
      },
      "geometry": {
        "type": "Point",
        "coordinates": [
          -119.210074,
          40.773981
        ]
      }
    },
    {
      "type": "Feature",
      "properties": {
        "uid": "a1XVI00000FMQ012AH",
        "name": "Camp Safari"
      },
      "geometry": {
        "type": "Point",
        "coordinates": [
          -119.210752,
          40.773793
        ]
      }
    },
    {
      "type": "Feature",
      "properties": {
        "uid": "a1XVI00000FMQ1d2AH",
        "name": "A Transformation Station"
      },
      "geometry": {
        "type": "Point",
        "coordinates": [
          -119.199729,
          40.774466
        ]
      }
    },
    {
      "type": "Feature",
      "properties": {
        "uid": "a1XVI00000FMQ3F2AX",
        "name": "Shoturanga"
      },
      "geometry": {
        "type": "Point",
        "coordinates": [
          -119.2215,
          40.785242
        ]
      }
    },
    {
      "type": "Feature",
      "properties": {
        "uid": "a1XVI00000FMQ4r2AH",
        "name": "Mystic"
      },
      "geometry": {
        "type": "Point",
        "coordinates": [
          -119.192724,
          40.779588
        ]
      }
    },
    {
      "type": "Feature",
      "properties": {
        "uid": "a1XVI00000FMQEX2A5",
        "name": "The Cave"
      },
      "geometry": {
        "type": "Point",
        "coordinates": [
          -119.207425,
          40.77384
        ]
      }
    },
    {
      "type": "Feature",
      "properties": {
        "uid": "a1XVI00000FMQT32AP",
        "name": "The Institute"
      },
      "geometry": {
        "type": "Point",
        "coordinates": [
          -119.208334,
          40.771848
        ]
      }
    },
    {
      "type": "Feature",
      "properties": {
        "uid": "a1XVI00000FMQcj2AH",
        "name": "Lunar Disco"
      },
      "geometry": {
        "type": "Point",
        "coordinates": [
          -119.222779,
          40.787686
        ]
      }
    },
    {
      "type": "Feature",
      "properties": {
        "uid": "a1XVI00000FMQhZ2AX",
        "name": "HAVANA NIGHTS"
      },
      "geometry": {
        "type": "Point",
        "coordinates": [
          -119.21515,
          40.790444
        ]
      }
    },
    {
      "type": "Feature",
      "properties": {
        "uid": "a1XVI00000FMQjB2AX",
        "name": "Fauxliage"
      },
      "geometry": {
        "type": "Point",
        "coordinates": [
          -119.211912,
          40.791333
        ]
      }
    },
    {
      "type": "Feature",
      "properties": {
        "uid": "a1XVI00000FMQmP2AX",
        "name": "Ready Playa One"
      },
      "geometry": {
        "type": "Point",
        "coordinates": [
          -119.214408,
          40.797374
        ]
      }
    },
    {
      "type": "Feature",
      "properties": {
        "uid": "a1XVI00000FMQo12AH",
        "name": "The Fountain (of youth)"
      },
      "geometry": {
        "type": "Point",
        "coordinates": [
          -119.220468,
          40.776909
        ]
      }
    },
    {
      "type": "Feature",
      "properties": {
        "uid": "a1XVI00000FMQo22AH",
        "name": "Yellow Balloon"
      },
      "geometry": {
        "type": "Point",
        "coordinates": [
          -119.217815,
          40.781529
        ]
      }
    },
    {
      "type": "Feature",
      "properties": {
        "uid": "a1XVI00000FMQpd2AH",
        "name": "Dr. Carl's Collection of Depts."
      },
      "geometry": {
        "type": "Point",
        "coordinates": [
          -119.213883,
          40.778232
        ]
      }
    },
    {
      "type": "Feature",
      "properties": {
        "uid": "a1XVI00000FMQrF2AX",
        "name": "FUN-DO BAR"
      },
      "geometry": {
        "type": "Point",
        "coordinates": [
          -119.196161,
          40.777554
        ]
      }
    },
    {
      "type": "Feature",
      "properties": {
        "uid": "a1XVI00000FMQuT2AX",
        "name": "Helioz"
      },
      "geometry": {
        "type": "Point",
        "coordinates": [
          -119.195421,
          40.773296
        ]
      }
    },
    {
      "type": "Feature",
      "properties": {
        "uid": "a1XVI00000FMQw52AH",
        "name": "Dreamery"
      },
      "geometry": {
        "type": "Point",
        "coordinates": [
          -119.220039,
          40.773349
        ]
      }
    },
    {
      "type": "Feature",
      "properties": {
        "uid": "a1XVI00000FMQxh2AH",
        "name": "Serenity Now"
      },
      "geometry": {
        "type": "Point",
        "coordinates": [
          -119.213242,
          40.775621
        ]
      }
    },
    {
      "type": "Feature",
      "properties": {
        "uid": "a1XVI00000FMR0v2AH",
        "name": "Giants Workshop Saloon"
      },
      "geometry": {
        "type": "Point",
        "coordinates": [
          -119.220582,
          40.78842
        ]
      }
    },
    {
      "type": "Feature",
      "properties": {
        "uid": "a1XVI00000FMR2X2AX",
        "name": "Liquid Spankuary"
      },
      "geometry": {
        "type": "Point",
        "coordinates": [
          -119.218719,
          40.773642
        ]
      }
    },
    {
      "type": "Feature",
      "properties": {
        "uid": "a1XVI00000FMR492AH",
        "name": "Hard as a Rock"
      },
      "geometry": {
        "type": "Point",
        "coordinates": [
          -119.218438,
          40.777548
        ]
      }
    },
    {
      "type": "Feature",
      "properties": {
        "uid": "a1XVI00000FMR5l2AH",
        "name": "Cocoon Society"
      },
      "geometry": {
        "type": "Point",
        "coordinates": [
          -119.210343,
          40.770386
        ]
      }
    },
    {
      "type": "Feature",
      "properties": {
        "uid": "a1XVI00000FMR7N2AX",
        "name": "Beats 'n Deets"
      },
      "geometry": {
        "type": "Point",
        "coordinates": [
          -119.217996,
          40.77856
        ]
      }
    },
    {
      "type": "Feature",
      "properties": {
        "uid": "a1XVI00000FMR8z2AH",
        "name": "Baggage Check"
      },
      "geometry": {
        "type": "Point",
        "coordinates": [
          -119.197382,
          40.775752
        ]
      }
    },
    {
      "type": "Feature",
      "properties": {
        "uid": "a1XVI00000FMRto2AH",
        "name": "Argonauts"
      },
      "geometry": {
        "type": "Point",
        "coordinates": [
          -119.212923,
          40.7751
        ]
      }
    },
    {
      "type": "Feature",
      "properties": {
        "uid": "a1XVI00000FMSMn2AP",
        "name": "Bumblepuss"
      },
      "geometry": {
        "type": "Point",
        "coordinates": [
          -119.218729,
          40.792378
        ]
      }
    },
    {
      "type": "Feature",
      "properties": {
        "uid": "a1XVI00000FMSRd2AP",
        "name": "Long Feng Camp"
      },
      "geometry": {
        "type": "Point",
        "coordinates": [
          -119.214109,
          40.797926
        ]
      }
    },
    {
      "type": "Feature",
      "properties": {
        "uid": "a1XVI00000FMSTF2A5",
        "name": "Roadside Distraction"
      },
      "geometry": {
        "type": "Point",
        "coordinates": [
          -119.219073,
          40.782127
        ]
      }
    },
    {
      "type": "Feature",
      "properties": {
        "uid": "a1XVI00000FMSY52AP",
        "name": "Stampede!"
      },
      "geometry": {
        "type": "Point",
        "coordinates": [
          -119.19578,
          40.77737
        ]
      }
    },
    {
      "type": "Feature",
      "properties": {
        "uid": "a1XVI00000FMSbJ2AX",
        "name": "Fomo Playalounge"
      },
      "geometry": {
        "type": "Point",
        "coordinates": [
          -119.2149,
          40.789046
        ]
      }
    },
    {
      "type": "Feature",
      "properties": {
        "uid": "a1XVI00000FMSmb2AH",
        "name": "ADHz"
      },
      "geometry": {
        "type": "Point",
        "coordinates": [
          -119.190379,
          40.779464
        ]
      }
    },
    {
      "type": "Feature",
      "properties": {
        "uid": "a1XVI00000FMSoD2AX",
        "name": "Opulent Temple"
      },
      "geometry": {
        "type": "Point",
        "coordinates": [
          -119.210984,
          40.790343
        ]
      }
    },
    {
      "type": "Feature",
      "properties": {
        "uid": "a1XVI00000FMSpp2AH",
        "name": "Entheos Community Village"
      },
      "geometry": {
        "type": "Point",
        "coordinates": [
          -119.213792,
          40.789226
        ]
      }
    },
    {
      "type": "Feature",
      "properties": {
        "uid": "a1XVI00000FMTPJ2A5",
        "name": "People of Color Camp"
      },
      "geometry": {
        "type": "Point",
        "coordinates": [
          -119.208245,
          40.769543
        ]
      }
    },
    {
      "type": "Feature",
      "properties": {
        "uid": "a1XVI00000FMTQv2AP",
        "name": "Bistro Manonio"
      },
      "geometry": {
        "type": "Point",
        "coordinates": [
          -119.207057,
          40.775326
        ]
      }
    },
    {
      "type": "Feature",
      "properties": {
        "uid": "a1XVI00000FMTSX2A5",
        "name": "SOLARIS"
      },
      "geometry": {
        "type": "Point",
        "coordinates": [
          -119.189196,
          40.777042
        ]
      }
    },
    {
      "type": "Feature",
      "properties": {
        "uid": "a1XVI00000FMTVl2AP",
        "name": "Twisted Swan Celtic pub"
      },
      "geometry": {
        "type": "Point",
        "coordinates": [
          -119.221182,
          40.788544
        ]
      }
    },
    {
      "type": "Feature",
      "properties": {
        "uid": "a1XVI00000FMTab2AH",
        "name": "Camp Reno Nation"
      },
      "geometry": {
        "type": "Point",
        "coordinates": [
          -119.196115,
          40.779148
        ]
      }
    },
    {
      "type": "Feature",
      "properties": {
        "uid": "a1XVI00000FMTcD2AX",
        "name": "Rubber Armstrong"
      },
      "geometry": {
        "type": "Point",
        "coordinates": [
          -119.216009,
          40.79324
        ]
      }
    },
    {
      "type": "Feature",
      "properties": {
        "uid": "a1XVI00000FMTdp2AH",
        "name": "Playa Delicacies Cooking School"
      },
      "geometry": {
        "type": "Point",
        "coordinates": [
          -119.220176,
          40.782091
        ]
      }
    },
    {
      "type": "Feature",
      "properties": {
        "uid": "a1XVI00000FMTh32AH",
        "name": "Disfunktion"
      },
      "geometry": {
        "type": "Point",
        "coordinates": [
          -119.218164,
          40.791649
        ]
      }
    },
    {
      "type": "Feature",
      "properties": {
        "uid": "a1XVI00000FMTif2AH",
        "name": "Saints and Sinners"
      },
      "geometry": {
        "type": "Point",
        "coordinates": [
          -119.206007,
          40.772715
        ]
      }
    },
    {
      "type": "Feature",
      "properties": {
        "uid": "a1XVI00000FMTkH2AX",
        "name": "Disco Space Shuttle"
      },
      "geometry": {
        "type": "Point",
        "coordinates": [
          -119.221861,
          40.787714
        ]
      }
    },
    {
      "type": "Feature",
      "properties": {
        "uid": "a1XVI00000FMTlt2AH",
        "name": "Global Camp"
      },
      "geometry": {
        "type": "Point",
        "coordinates": [
          -119.221083,
          40.775255
        ]
      }
    },
    {
      "type": "Feature",
      "properties": {
        "uid": "a1XVI00000FMTnV2AX",
        "name": "The Sound Garden"
      },
      "geometry": {
        "type": "Point",
        "coordinates": [
          -119.194337,
          40.779646
        ]
      }
    },
    {
      "type": "Feature",
      "properties": {
        "uid": "a1XVI00000FMTvZ2AX",
        "name": "Hack-a-Cola"
      },
      "geometry": {
        "type": "Point",
        "coordinates": [
          -119.21453,
          40.776765
        ]
      }
    },
    {
      "type": "Feature",
      "properties": {
        "uid": "a1XVI00000FMTxB2AX",
        "name": "Tetrix Stargazer"
      },
      "geometry": {
        "type": "Point",
        "coordinates": [
          -119.216198,
          40.793474
        ]
      }
    },
    {
      "type": "Feature",
      "properties": {
        "uid": "a1XVI00000FMTyn2AH",
        "name": "T33M0"
      },
      "geometry": {
        "type": "Point",
        "coordinates": [
          -119.21154,
          40.791217
        ]
      }
    },
    {
      "type": "Feature",
      "properties": {
        "uid": "a1XVI00000FMU0P2AX",
        "name": "Vibe Check"
      },
      "geometry": {
        "type": "Point",
        "coordinates": [
          -119.202758,
          40.773839
        ]
      }
    },
    {
      "type": "Feature",
      "properties": {
        "uid": "a1XVI00000FMU212AH",
        "name": "MidNight Caff Cove"
      },
      "geometry": {
        "type": "Point",
        "coordinates": [
          -119.218794,
          40.77324
        ]
      }
    },
    {
      "type": "Feature",
      "properties": {
        "uid": "a1XVI00000FMUYH2A5",
        "name": "Camp O-Wow"
      },
      "geometry": {
        "type": "Point",
        "coordinates": [
          -119.220316,
          40.784042
        ]
      }
    },
    {
      "type": "Feature",
      "properties": {
        "uid": "a1XVI00000FMUd72AH",
        "name": "BLD"
      },
      "geometry": {
        "type": "Point",
        "coordinates": [
          -119.219439,
          40.773666
        ]
      }
    },
    {
      "type": "Feature",
      "properties": {
        "uid": "a1XVI00000FMUgL2AX",
        "name": "Discotique Pancake Boutique"
      },
      "geometry": {
        "type": "Point",
        "coordinates": [
          -119.190959,
          40.779197
        ]
      }
    },
    {
      "type": "Feature",
      "properties": {
        "uid": "a1XVI00000FMUhx2AH",
        "name": "MARA"
      },
      "geometry": {
        "type": "Point",
        "coordinates": [
          -119.215866,
          40.79443
        ]
      }
    },
    {
      "type": "Feature",
      "properties": {
        "uid": "a1XVI00000FMUlB2AX",
        "name": "Dragon Axis Disco"
      },
      "geometry": {
        "type": "Point",
        "coordinates": [
          -119.196904,
          40.776754
        ]
      }
    },
    {
      "type": "Feature",
      "properties": {
        "uid": "a1XVI00000FMVm52AH",
        "name": "Afterglow Lounge & Spa"
      },
      "geometry": {
        "type": "Point",
        "coordinates": [
          -119.210583,
          40.774267
        ]
      }
    },
    {
      "type": "Feature",
      "properties": {
        "uid": "a1XVI00000FMVnh2AH",
        "name": "Y Knot Saloon"
      },
      "geometry": {
        "type": "Point",
        "coordinates": [
          -119.199843,
          40.773214
        ]
      }
    },
    {
      "type": "Feature",
      "properties": {
        "uid": "a1XVI00000FMWtR2AX",
        "name": "Rumpus"
      },
      "geometry": {
        "type": "Point",
        "coordinates": [
          -119.198794,
          40.776051
        ]
      }
    },
    {
      "type": "Feature",
      "properties": {
        "uid": "a1XVI00000FMWzt2AH",
        "name": "Ocean Beach"
      },
      "geometry": {
        "type": "Point",
        "coordinates": [
          -119.204708,
          40.775303
        ]
      }
    },
    {
      "type": "Feature",
      "properties": {
        "uid": "a1XVI00000FMX4j2AH",
        "name": "Mural Maze Support Camp"
      },
      "geometry": {
        "type": "Point",
        "coordinates": [
          -119.219588,
          40.782427
        ]
      }
    },
    {
      "type": "Feature",
      "properties": {
        "uid": "a1XVI00000FMX7x2AH",
        "name": "Cloud 9"
      },
      "geometry": {
        "type": "Point",
        "coordinates": [
          -119.220588,
          40.785474
        ]
      }
    },
    {
      "type": "Feature",
      "properties": {
        "uid": "a1XVI00000FMXO52AP",
        "name": "Fast & Bi-Curious"
      },
      "geometry": {
        "type": "Point",
        "coordinates": [
          -119.202664,
          40.775489
        ]
      }
    },
    {
      "type": "Feature",
      "properties": {
        "uid": "a1XVI00000FMXfp2AH",
        "name": "Neodebauchery"
      },
      "geometry": {
        "type": "Point",
        "coordinates": [
          -119.197078,
          40.774189
        ]
      }
    },
    {
      "type": "Feature",
      "properties": {
        "uid": "a1XVI00000FMZCz2AP",
        "name": "Big Unicorn Energy"
      },
      "geometry": {
        "type": "Point",
        "coordinates": [
          -119.217745,
          40.796816
        ]
      }
    },
    {
      "type": "Feature",
      "properties": {
        "uid": "a1XVI00000FMZzP2AX",
        "name": "Caravan D'Light"
      },
      "geometry": {
        "type": "Point",
        "coordinates": [
          -119.222166,
          40.787318
        ]
      }
    },
    {
      "type": "Feature",
      "properties": {
        "uid": "a1XVI00000FMaDt2AL",
        "name": "Fresh Squeezed!"
      },
      "geometry": {
        "type": "Point",
        "coordinates": [
          -119.210147,
          40.774847
        ]
      }
    },
    {
      "type": "Feature",
      "properties": {
        "uid": "a1XVI00000FMasD2AT",
        "name": "3907"
      },
      "geometry": {
        "type": "Point",
        "coordinates": [
          -119.210337,
          40.775228
        ]
      }
    },
    {
      "type": "Feature",
      "properties": {
        "uid": "a1XVI00000FMbI12AL",
        "name": "Mountain Mayhem"
      },
      "geometry": {
        "type": "Point",
        "coordinates": [
          -119.218474,
          40.788788
        ]
      }
    },
    {
      "type": "Feature",
      "properties": {
        "uid": "a1XVI00000FMbd02AD",
        "name": "Camp Truth or Dare"
      },
      "geometry": {
        "type": "Point",
        "coordinates": [
          -119.216284,
          40.775759
        ]
      }
    },
    {
      "type": "Feature",
      "properties": {
        "uid": "a1XVI00000FMbxx2AD",
        "name": "The Lavender Lounge"
      },
      "geometry": {
        "type": "Point",
        "coordinates": [
          -119.219249,
          40.776572
        ]
      }
    },
    {
      "type": "Feature",
      "properties": {
        "uid": "a1XVI00000FMcSb2AL",
        "name": "Pink Squirrel"
      },
      "geometry": {
        "type": "Point",
        "coordinates": [
          -119.208569,
          40.770962
        ]
      }
    },
    {
      "type": "Feature",
      "properties": {
        "uid": "a1XVI00000FMcVs2AL",
        "name": "Martha Love"
      },
      "geometry": {
        "type": "Point",
        "coordinates": [
          -119.197413,
          40.77695
        ]
      }
    },
    {
      "type": "Feature",
      "properties": {
        "uid": "a1XVI00000FMccH2AT",
        "name": "Camp Contact"
      },
      "geometry": {
        "type": "Point",
        "coordinates": [
          -119.202417,
          40.774174
        ]
      }
    },
    {
      "type": "Feature",
      "properties": {
        "uid": "a1XVI00000FMcvd2AD",
        "name": "Videogasm"
      },
      "geometry": {
        "type": "Point",
        "coordinates": [
          -119.217104,
          40.781078
        ]
      }
    },
    {
      "type": "Feature",
      "properties": {
        "uid": "a1XVI00000FMcxF2AT",
        "name": "Titanic"
      },
      "geometry": {
        "type": "Point",
        "coordinates": [
          -119.213194,
          40.794138
        ]
      }
    },
    {
      "type": "Feature",
      "properties": {
        "uid": "a1XVI00000FMdGb2AL",
        "name": "Cozy Cat Camp"
      },
      "geometry": {
        "type": "Point",
        "coordinates": [
          -119.206009,
          40.771862
        ]
      }
    },
    {
      "type": "Feature",
      "properties": {
        "uid": "a1XVI00000FMdN32AL",
        "name": "Clevian Circularity"
      },
      "geometry": {
        "type": "Point",
        "coordinates": [
          -119.217044,
          40.780934
        ]
      }
    },
    {
      "type": "Feature",
      "properties": {
        "uid": "a1XVI00000FMdjd2AD",
        "name": "ING"
      },
      "geometry": {
        "type": "Point",
        "coordinates": [
          -119.220106,
          40.788225
        ]
      }
    },
    {
      "type": "Feature",
      "properties": {
        "uid": "a1XVI00000FMdtJ2AT",
        "name": "Shamandome"
      },
      "geometry": {
        "type": "Point",
        "coordinates": [
          -119.222731,
          40.778902
        ]
      }
    },
    {
      "type": "Feature",
      "properties": {
        "uid": "a1XVI00000FMduv2AD",
        "name": "Accult"
      },
      "geometry": {
        "type": "Point",
        "coordinates": [
          -119.213752,
          40.790412
        ]
      }
    },
    {
      "type": "Feature",
      "properties": {
        "uid": "a1XVI00000FMe9R2AT",
        "name": "Cabana Club"
      },
      "geometry": {
        "type": "Point",
        "coordinates": [
          -119.20556,
          40.774834
        ]
      }
    },
    {
      "type": "Feature",
      "properties": {
        "uid": "a1XVI00000FMePZ2A1",
        "name": "The Melon Motel"
      },
      "geometry": {
        "type": "Point",
        "coordinates": [
          -119.189631,
          40.77893
        ]
      }
    },
    {
      "type": "Feature",
      "properties": {
        "uid": "a1XVI00000FMem92AD",
        "name": "Camp Hot Cheeks"
      },
      "geometry": {
        "type": "Point",
        "coordinates": [
          -119.218592,
          40.785958
        ]
      }
    },
    {
      "type": "Feature",
      "properties": {
        "uid": "a1XVI00000FMepN2AT",
        "name": "Black Rock Public Library"
      },
      "geometry": {
        "type": "Point",
        "coordinates": [
          -119.218908,
          40.777545
        ]
      }
    },
    {
      "type": "Feature",
      "properties": {
        "uid": "a1XVI00000FMesb2AD",
        "name": "Pink Ponies"
      },
      "geometry": {
        "type": "Point",
        "coordinates": [
          -119.223539,
          40.780435
        ]
      }
    },
    {
      "type": "Feature",
      "properties": {
        "uid": "a1XVI00000FMf0f2AD",
        "name": "HARDLY"
      },
      "geometry": {
        "type": "Point",
        "coordinates": [
          -119.200318,
          40.778927
        ]
      }
    },
    {
      "type": "Feature",
      "properties": {
        "uid": "a1XVI00000FMf2H2AT",
        "name": "SHANTI TOWN SOUND MOVEMENT"
      },
      "geometry": {
        "type": "Point",
        "coordinates": [
          -119.194609,
          40.777099
        ]
      }
    },
    {
      "type": "Feature",
      "properties": {
        "uid": "a1XVI00000FMfNF2A1",
        "name": "Casa de la Rumba"
      },
      "geometry": {
        "type": "Point",
        "coordinates": [
          -119.222194,
          40.782904
        ]
      }
    },
    {
      "type": "Feature",
      "properties": {
        "uid": "a1XVI00000FMfzx2AD",
        "name": "Beverly Grillz"
      },
      "geometry": {
        "type": "Point",
        "coordinates": [
          -119.219808,
          40.783886
        ]
      }
    },
    {
      "type": "Feature",
      "properties": {
        "uid": "a1XVI00000FMfzy2AD",
        "name": "PopoVille"
      },
      "geometry": {
        "type": "Point",
        "coordinates": [
          -119.207355,
          40.770521
        ]
      }
    },
    {
      "type": "Feature",
      "properties": {
        "uid": "a1XVI00000FMgBF2A1",
        "name": "Captain Pump's Raiders"
      },
      "geometry": {
        "type": "Point",
        "coordinates": [
          -119.221852,
          40.776237
        ]
      }
    },
    {
      "type": "Feature",
      "properties": {
        "uid": "a1XVI00000FMgXp2AL",
        "name": "Orphan Endorphin"
      },
      "geometry": {
        "type": "Point",
        "coordinates": [
          -119.223038,
          40.784029
        ]
      }
    },
    {
      "type": "Feature",
      "properties": {
        "uid": "a1XVI00000FMgnx2AD",
        "name": "Deco Fish"
      },
      "geometry": {
        "type": "Point",
        "coordinates": [
          -119.21533,
          40.797679
        ]
      }
    },
    {
      "type": "Feature",
      "properties": {
        "uid": "a1XVI00000FMgsn2AD",
        "name": "Gauchos del Fuego"
      },
      "geometry": {
        "type": "Point",
        "coordinates": [
          -119.218383,
          40.778383
        ]
      }
    },
    {
      "type": "Feature",
      "properties": {
        "uid": "a1XVI00000FMh0r2AD",
        "name": "Atom Cult"
      },
      "geometry": {
        "type": "Point",
        "coordinates": [
          -119.222159,
          40.784093
        ]
      }
    },
    {
      "type": "Feature",
      "properties": {
        "uid": "a1XVI00000FMhAX2A1",
        "name": "HORIZON"
      },
      "geometry": {
        "type": "Point",
        "coordinates": [
          -119.215584,
          40.787549
        ]
      }
    },
    {
      "type": "Feature",
      "properties": {
        "uid": "a1XVI00000FMhGz2AL",
        "name": "People's Art Congress"
      },
      "geometry": {
        "type": "Point",
        "coordinates": [
          -119.220886,
          40.773861
        ]
      }
    },
    {
      "type": "Feature",
      "properties": {
        "uid": "a1XVI00000FMhLp2AL",
        "name": "Dickhead Camp"
      },
      "geometry": {
        "type": "Point",
        "coordinates": [
          -119.205537,
          40.771912
        ]
      }
    },
    {
      "type": "Feature",
      "properties": {
        "uid": "a1XVI00000FMhP32AL",
        "name": "GlowMeUp"
      },
      "geometry": {
        "type": "Point",
        "coordinates": [
          -119.205842,
          40.773183
        ]
      }
    },
    {
      "type": "Feature",
      "properties": {
        "uid": "a1XVI00000FMhQf2AL",
        "name": "Cockpit"
      },
      "geometry": {
        "type": "Point",
        "coordinates": [
          -119.218655,
          40.779591
        ]
      }
    },
    {
      "type": "Feature",
      "properties": {
        "uid": "a1XVI00000FMhSH2A1",
        "name": "Shake, Shake, Shake"
      },
      "geometry": {
        "type": "Point",
        "coordinates": [
          -119.215817,
          40.778305
        ]
      }
    },
    {
      "type": "Feature",
      "properties": {
        "uid": "a1XVI00000FMhww2AD",
        "name": "Disorient"
      },
      "geometry": {
        "type": "Point",
        "coordinates": [
          -119.217252,
          40.78553
        ]
      }
    },
    {
      "type": "Feature",
      "properties": {
        "uid": "a1XVI00000FMhyX2AT",
        "name": "planet wood collective"
      },
      "geometry": {
        "type": "Point",
        "coordinates": [
          -119.20609,
          40.775127
        ]
      }
    },
    {
      "type": "Feature",
      "properties": {
        "uid": "a1XVI00000FMi8F2AT",
        "name": "Aya The Tiger"
      },
      "geometry": {
        "type": "Point",
        "coordinates": [
          -119.215962,
          40.791372
        ]
      }
    },
    {
      "type": "Feature",
      "properties": {
        "uid": "a1XVI00000FMiGH2A1",
        "name": "Camp Slow Your Roll"
      },
      "geometry": {
        "type": "Point",
        "coordinates": [
          -119.218232,
          40.786838
        ]
      }
    },
    {
      "type": "Feature",
      "properties": {
        "uid": "a1XVI00000FMiJV2A1",
        "name": "Legends of the Hidden Playa"
      },
      "geometry": {
        "type": "Point",
        "coordinates": [
          -119.207165,
          40.774615
        ]
      }
    },
    {
      "type": "Feature",
      "properties": {
        "uid": "a1XVI00000FMiL82AL",
        "name": "Slutplatz"
      },
      "geometry": {
        "type": "Point",
        "coordinates": [
          -119.220058,
          40.784984
        ]
      }
    },
    {
      "type": "Feature",
      "properties": {
        "uid": "a1XVI00000FMiTB2A1",
        "name": "Partner Dance Adventures"
      },
      "geometry": {
        "type": "Point",
        "coordinates": [
          -119.216224,
          40.776626
        ]
      }
    },
    {
      "type": "Feature",
      "properties": {
        "uid": "a1XVI00000FMig52AD",
        "name": "VCamp - Vibrations in the Desert"
      },
      "geometry": {
        "type": "Point",
        "coordinates": [
          -119.196312,
          40.780109
        ]
      }
    },
    {
      "type": "Feature",
      "properties": {
        "uid": "a1XVI00000FMipl2AD",
        "name": "BRCvr presents BurnerSphere"
      },
      "geometry": {
        "type": "Point",
        "coordinates": [
          -119.203403,
          40.774839
        ]
      }
    },
    {
      "type": "Feature",
      "properties": {
        "uid": "a1XVI00000FMizR2AT",
        "name": "Mansonian Institute 4 Urban Study"
      },
      "geometry": {
        "type": "Point",
        "coordinates": [
          -119.218351,
          40.778961
        ]
      }
    },
    {
      "type": "Feature",
      "properties": {
        "uid": "a1XVI00000FMj2f2AD",
        "name": "Tazii"
      },
      "geometry": {
        "type": "Point",
        "coordinates": [
          -119.198329,
          40.77561
        ]
      }
    },
    {
      "type": "Feature",
      "properties": {
        "uid": "a1XVI00000FMj972AD",
        "name": "Witches Brew"
      },
      "geometry": {
        "type": "Point",
        "coordinates": [
          -119.198535,
          40.778823
        ]
      }
    },
    {
      "type": "Feature",
      "properties": {
        "uid": "a1XVI00000FMjAj2AL",
        "name": "Camp Bangers Only"
      },
      "geometry": {
        "type": "Point",
        "coordinates": [
          -119.212423,
          40.794477
        ]
      }
    },
    {
      "type": "Feature",
      "properties": {
        "uid": "a1XVI00000FMjCL2A1",
        "name": "Vin Et Gare"
      },
      "geometry": {
        "type": "Point",
        "coordinates": [
          -119.221766,
          40.782141
        ]
      }
    },
    {
      "type": "Feature",
      "properties": {
        "uid": "a1XVI00000FMjYw2AL",
        "name": "Catmandu"
      },
      "geometry": {
        "type": "Point",
        "coordinates": [
          -119.207419,
          40.773138
        ]
      }
    },
    {
      "type": "Feature",
      "properties": {
        "uid": "a1XVI00000FMjc92AD",
        "name": "No Adults Detected"
      },
      "geometry": {
        "type": "Point",
        "coordinates": [
          -119.21851,
          40.792988
        ]
      }
    },
    {
      "type": "Feature",
      "properties": {
        "uid": "a1XVI00000FMjdl2AD",
        "name": "Baconeers"
      },
      "geometry": {
        "type": "Point",
        "coordinates": [
          -119.19752,
          40.776045
        ]
      }
    },
    {
      "type": "Feature",
      "properties": {
        "uid": "a1XVI00000FMjlp2AD",
        "name": "Mos Eisley Village"
      },
      "geometry": {
        "type": "Point",
        "coordinates": [
          -119.22072,
          40.778425
        ]
      }
    },
    {
      "type": "Feature",
      "properties": {
        "uid": "a1XVI00000FMjsH2AT",
        "name": "Cosmic Giggle"
      },
      "geometry": {
        "type": "Point",
        "coordinates": [
          -119.198016,
          40.775362
        ]
      }
    },
    {
      "type": "Feature",
      "properties": {
        "uid": "a1XVI00000FMjtt2AD",
        "name": "ConTent"
      },
      "geometry": {
        "type": "Point",
        "coordinates": [
          -119.214692,
          40.792899
        ]
      }
    },
    {
      "type": "Feature",
      "properties": {
        "uid": "a1XVI00000FMjyj2AD",
        "name": "EBB & Glow Village"
      },
      "geometry": {
        "type": "Point",
        "coordinates": [
          -119.208424,
          40.775513
        ]
      }
    },
    {
      "type": "Feature",
      "properties": {
        "uid": "a1XVI00000FMk5B2AT",
        "name": "Very Inappropriate People"
      },
      "geometry": {
        "type": "Point",
        "coordinates": [
          -119.20883,
          40.77609
        ]
      }
    },
    {
      "type": "Feature",
      "properties": {
        "uid": "a1XVI00000FMk6n2AD",
        "name": "Astropups"
      },
      "geometry": {
        "type": "Point",
        "coordinates": [
          -119.219452,
          40.779884
        ]
      }
    },
    {
      "type": "Feature",
      "properties": {
        "uid": "a1XVI00000FMkDF2A1",
        "name": "Miki Beach"
      },
      "geometry": {
        "type": "Point",
        "coordinates": [
          -119.212799,
          40.794888
        ]
      }
    },
    {
      "type": "Feature",
      "properties": {
        "uid": "a1XVI00000FMkLJ2A1",
        "name": "Booty Worship"
      },
      "geometry": {
        "type": "Point",
        "coordinates": [
          -119.22073,
          40.782904
        ]
      }
    },
    {
      "type": "Feature",
      "properties": {
        "uid": "a1XVI00000FMkd32AD",
        "name": "The Shrimp Ranch"
      },
      "geometry": {
        "type": "Point",
        "coordinates": [
          -119.205841,
          40.77069
        ]
      }
    },
    {
      "type": "Feature",
      "properties": {
        "uid": "a1XVI00000FMkef2AD",
        "name": "Alchemy Stop"
      },
      "geometry": {
        "type": "Point",
        "coordinates": [
          -119.212443,
          40.771078
        ]
      }
    },
    {
      "type": "Feature",
      "properties": {
        "uid": "a1XVI00000FMlAv2AL",
        "name": "Burning Man T-Shirt Factory"
      },
      "geometry": {
        "type": "Point",
        "coordinates": [
          -119.218091,
          40.779279
        ]
      }
    },
    {
      "type": "Feature",
      "properties": {
        "uid": "a1XVI00000FMlVt2AL",
        "name": "Math Camp @ Group W"
      },
      "geometry": {
        "type": "Point",
        "coordinates": [
          -119.198847,
          40.774056
        ]
      }
    },
    {
      "type": "Feature",
      "properties": {
        "uid": "a1XVI00000FMlxJ2AT",
        "name": "Water Temple"
      },
      "geometry": {
        "type": "Point",
        "coordinates": [
          -119.223865,
          40.783762
        ]
      }
    },
    {
      "type": "Feature",
      "properties": {
        "uid": "a1XVI00000FMm8b2AD",
        "name": "Mission Country Club"
      },
      "geometry": {
        "type": "Point",
        "coordinates": [
          -119.221209,
          40.780331
        ]
      }
    },
    {
      "type": "Feature",
      "properties": {
        "uid": "a1XVI00000FMmBp2AL",
        "name": "Nose Fish"
      },
      "geometry": {
        "type": "Point",
        "coordinates": [
          -119.219504,
          40.77742
        ]
      }
    },
    {
      "type": "Feature",
      "properties": {
        "uid": "a1XVI00000FMmGf2AL",
        "name": "Jungle Oddity"
      },
      "geometry": {
        "type": "Point",
        "coordinates": [
          -119.221177,
          40.782819
        ]
      }
    },
    {
      "type": "Feature",
      "properties": {
        "uid": "a1XVI00000FMmLV2A1",
        "name": "BigFrankEnergy"
      },
      "geometry": {
        "type": "Point",
        "coordinates": [
          -119.2063,
          40.773551
        ]
      }
    },
    {
      "type": "Feature",
      "properties": {
        "uid": "a1XVI00000FMmN72AL",
        "name": "Backstage"
      },
      "geometry": {
        "type": "Point",
        "coordinates": [
          -119.215397,
          40.792592
        ]
      }
    },
    {
      "type": "Feature",
      "properties": {
        "uid": "a1XVI00000FMmOj2AL",
        "name": "CrazyCamera & Christmas Every Day"
      },
      "geometry": {
        "type": "Point",
        "coordinates": [
          -119.223225,
          40.787151
        ]
      }
    },
    {
      "type": "Feature",
      "properties": {
        "uid": "a1XVI00000FMmoX2AT",
        "name": "Norms Garage"
      },
      "geometry": {
        "type": "Point",
        "coordinates": [
          -119.212983,
          40.771202
        ]
      }
    },
    {
      "type": "Feature",
      "properties": {
        "uid": "a1XVI00000FMmq92AD",
        "name": "French Maid Brigade"
      },
      "geometry": {
        "type": "Point",
        "coordinates": [
          -119.199362,
          40.778885
        ]
      }
    },
    {
      "type": "Feature",
      "properties": {
        "uid": "a1XVI00000FMnkb2AD",
        "name": "Gaian Airship"
      },
      "geometry": {
        "type": "Point",
        "coordinates": [
          -119.199277,
          40.77472
        ]
      }
    },
    {
      "type": "Feature",
      "properties": {
        "uid": "a1XVI00000FMnnp2AD",
        "name": "HIGHKU"
      },
      "geometry": {
        "type": "Point",
        "coordinates": [
          -119.215784,
          40.775539
        ]
      }
    },
    {
      "type": "Feature",
      "properties": {
        "uid": "a1XVI00000FMnpR2AT",
        "name": "Reverbia"
      },
      "geometry": {
        "type": "Point",
        "coordinates": [
          -119.217634,
          40.784223
        ]
      }
    },
    {
      "type": "Feature",
      "properties": {
        "uid": "a1XVI00000FMnz72AD",
        "name": "Cicadia"
      },
      "geometry": {
        "type": "Point",
        "coordinates": [
          -119.222192,
          40.781961
        ]
      }
    },
    {
      "type": "Feature",
      "properties": {
        "uid": "a1XVI00000FMo0j2AD",
        "name": "Toxic Disco Clam"
      },
      "geometry": {
        "type": "Point",
        "coordinates": [
          -119.206215,
          40.770658
        ]
      }
    },
    {
      "type": "Feature",
      "properties": {
        "uid": "a1XVI00000FMojt2AD",
        "name": "Kentucky Fried Camp"
      },
      "geometry": {
        "type": "Point",
        "coordinates": [
          -119.217482,
          40.776545
        ]
      }
    },
    {
      "type": "Feature",
      "properties": {
        "uid": "a1XVI00000FMpkn2AD",
        "name": "LAF Lazy-Ass Fuckers"
      },
      "geometry": {
        "type": "Point",
        "coordinates": [
          -119.217806,
          40.779197
        ]
      }
    },
    {
      "type": "Feature",
      "properties": {
        "uid": "a1XVI00000FMsKT2A1",
        "name": "ReEntry Station"
      },
      "geometry": {
        "type": "Point",
        "coordinates": [
          -119.209888,
          40.77034
        ]
      }
    },
    {
      "type": "Feature",
      "properties": {
        "uid": "a1XVI00000FMsM62AL",
        "name": "Dusty Bottoms"
      },
      "geometry": {
        "type": "Point",
        "coordinates": [
          -119.221944,
          40.785308
        ]
      }
    },
    {
      "type": "Feature",
      "properties": {
        "uid": "a1XVI00000FMuUL2A1",
        "name": "Dusty Delight"
      },
      "geometry": {
        "type": "Point",
        "coordinates": [
          -119.220608,
          40.780289
        ]
      }
    },
    {
      "type": "Feature",
      "properties": {
        "uid": "a1XVI00000FMvJx2AL",
        "name": "Camp VRC"
      },
      "geometry": {
        "type": "Point",
        "coordinates": [
          -119.221568,
          40.776043
        ]
      }
    },
    {
      "type": "Feature",
      "properties": {
        "uid": "a1XVI00000FMvLZ2A1",
        "name": "GDI's - Gawd Damn Independents"
      },
      "geometry": {
        "type": "Point",
        "coordinates": [
          -119.224282,
          40.788228
        ]
      }
    },
    {
      "type": "Feature",
      "properties": {
        "uid": "a1XVI00000FMvgX2AT",
        "name": "Mimosa"
      },
      "geometry": {
        "type": "Point",
        "coordinates": [
          -119.202431,
          40.775255
        ]
      }
    },
    {
      "type": "Feature",
      "properties": {
        "uid": "a1XVI00000FMvlN2AT",
        "name": "Mary E's Lavender Hand Wash"
      },
      "geometry": {
        "type": "Point",
        "coordinates": [
          -119.212963,
          40.772516
        ]
      }
    },
    {
      "type": "Feature",
      "properties": {
        "uid": "a1XVI00000FMvob2AD",
        "name": "Fucking Joe Camp"
      },
      "geometry": {
        "type": "Point",
        "coordinates": [
          -119.218962,
          40.785207
        ]
      }
    },
    {
      "type": "Feature",
      "properties": {
        "uid": "a1XVI00000FMwJF2A1",
        "name": "ClusterF*ck United"
      },
      "geometry": {
        "type": "Point",
        "coordinates": [
          -119.206213,
          40.774764
        ]
      }
    },
    {
      "type": "Feature",
      "properties": {
        "uid": "a1XVI00000FMwRJ2A1",
        "name": "Daydream"
      },
      "geometry": {
        "type": "Point",
        "coordinates": [
          -119.193732,
          40.77926
        ]
      }
    },
    {
      "type": "Feature",
      "properties": {
        "uid": "a1XVI00000FMyJR2A1",
        "name": "Spoonful of Friends"
      },
      "geometry": {
        "type": "Point",
        "coordinates": [
          -119.220798,
          40.781881
        ]
      }
    },
    {
      "type": "Feature",
      "properties": {
        "uid": "a1XVI00000FMycn2AD",
        "name": "adult playground"
      },
      "geometry": {
        "type": "Point",
        "coordinates": [
          -119.213575,
          40.793309
        ]
      }
    },
    {
      "type": "Feature",
      "properties": {
        "uid": "a1XVI00000FN9rZ2AT",
        "name": "Fantastica Music Healing Camp"
      },
      "geometry": {
        "type": "Point",
        "coordinates": [
          -119.22109,
          40.784493
        ]
      }
    },
    {
      "type": "Feature",
      "properties": {
        "uid": "a1XVI00000FNGzV2AX",
        "name": "Camp XUZA"
      },
      "geometry": {
        "type": "Point",
        "coordinates": [
          -119.219948,
          40.795771
        ]
      }
    },
    {
      "type": "Feature",
      "properties": {
        "uid": "a1XVI00000FNJCb2AP",
        "name": "Fjörgyn's Lair"
      },
      "geometry": {
        "type": "Point",
        "coordinates": [
          -119.197002,
          40.77349
        ]
      }
    },
    {
      "type": "Feature",
      "properties": {
        "uid": "a1XVI00000FNJyz2AH",
        "name": "Camp Questionmark"
      },
      "geometry": {
        "type": "Point",
        "coordinates": [
          -119.19855,
          40.780891
        ]
      }
    },
    {
      "type": "Feature",
      "properties": {
        "uid": "a1XVI00000FNLxZ2AX",
        "name": "Inflatable Wildlife"
      },
      "geometry": {
        "type": "Point",
        "coordinates": [
          -119.217606,
          40.782916
        ]
      }
    },
    {
      "type": "Feature",
      "properties": {
        "uid": "a1XVI00000FNMFJ2A5",
        "name": "Garage Mahal"
      },
      "geometry": {
        "type": "Point",
        "coordinates": [
          -119.218167,
          40.7942
        ]
      }
    },
    {
      "type": "Feature",
      "properties": {
        "uid": "a1XVI00000FNOBK2A5",
        "name": "Black Rock Roller Disco"
      },
      "geometry": {
        "type": "Point",
        "coordinates": [
          -119.217113,
          40.781654
        ]
      }
    },
    {
      "type": "Feature",
      "properties": {
        "uid": "a1XVI00000FNQHJ2A5",
        "name": "Pacific"
      },
      "geometry": {
        "type": "Point",
        "coordinates": [
          -119.203212,
          40.775818
        ]
      }
    },
    {
      "type": "Feature",
      "properties": {
        "uid": "a1XVI00000FNQNl2AP",
        "name": "Dilla's Den"
      },
      "geometry": {
        "type": "Point",
        "coordinates": [
          -119.197405,
          40.773416
        ]
      }
    },
    {
      "type": "Feature",
      "properties": {
        "uid": "a1XVI00000FNQVp2AP",
        "name": "Cirkus Freaks"
      },
      "geometry": {
        "type": "Point",
        "coordinates": [
          -119.219942,
          40.787528
        ]
      }
    },
    {
      "type": "Feature",
      "properties": {
        "uid": "a1XVI00000FNQij2AH",
        "name": "Chivo Loco"
      },
      "geometry": {
        "type": "Point",
        "coordinates": [
          -119.195966,
          40.7786
        ]
      }
    },
    {
      "type": "Feature",
      "properties": {
        "uid": "a1XVI00000FNQkL2AX",
        "name": "Sozo Experience"
      },
      "geometry": {
        "type": "Point",
        "coordinates": [
          -119.214888,
          40.775483
        ]
      }
    },
    {
      "type": "Feature",
      "properties": {
        "uid": "a1XVI00000FNTqH2AX",
        "name": "Rebel Camp"
      },
      "geometry": {
        "type": "Point",
        "coordinates": [
          -119.215091,
          40.771612
        ]
      }
    },
    {
      "type": "Feature",
      "properties": {
        "uid": "a1XVI00000FNTtV2AX",
        "name": "Rocket 'n Roll"
      },
      "geometry": {
        "type": "Point",
        "coordinates": [
          -119.219045,
          40.776413
        ]
      }
    },
    {
      "type": "Feature",
      "properties": {
        "uid": "a1XVI00000FNW9p2AH",
        "name": "RIPPLE"
      },
      "geometry": {
        "type": "Point",
        "coordinates": [
          -119.212109,
          40.775293
        ]
      }
    },
    {
      "type": "Feature",
      "properties": {
        "uid": "a1XVI00000FNabe2AD",
        "name": "SKYTING HQ"
      },
      "geometry": {
        "type": "Point",
        "coordinates": [
          -119.202476,
          40.773133
        ]
      }
    },
    {
      "type": "Feature",
      "properties": {
        "uid": "a1XVI00000FNm4v2AD",
        "name": "Happy Hanuman"
      },
      "geometry": {
        "type": "Point",
        "coordinates": [
          -119.223601,
          40.780976
        ]
      }
    },
    {
      "type": "Feature",
      "properties": {
        "uid": "a1XVI00000FNqy92AD",
        "name": "Ray's Fix It"
      },
      "geometry": {
        "type": "Point",
        "coordinates": [
          -119.218113,
          40.776234
        ]
      }
    },
    {
      "type": "Feature",
      "properties": {
        "uid": "a1XVI00000FNtsn2AD",
        "name": "Rooftop Frose"
      },
      "geometry": {
        "type": "Point",
        "coordinates": [
          -119.210372,
          40.770736
        ]
      }
    },
    {
      "type": "Feature",
      "properties": {
        "uid": "a1XVI00000FNwqg2AD",
        "name": "Freqz of Love"
      },
      "geometry": {
        "type": "Point",
        "coordinates": [
          -119.221704,
          40.786343
        ]
      }
    },
    {
      "type": "Feature",
      "properties": {
        "uid": "a1XVI00000FNzrl2AD",
        "name": "Anonymous Village"
      },
      "geometry": {
        "type": "Point",
        "coordinates": [
          -119.217214,
          40.772459
        ]
      }
    },
    {
      "type": "Feature",
      "properties": {
        "uid": "a1XVI00000FO5CP2A1",
        "name": "Turbaza Chayka"
      },
      "geometry": {
        "type": "Point",
        "coordinates": [
          -119.219235,
          40.778661
        ]
      }
    },
    {
      "type": "Feature",
      "properties": {
        "uid": "a1XVI00000FO5Qv2AL",
        "name": "Camp Tell You"
      },
      "geometry": {
        "type": "Point",
        "coordinates": [
          -119.216172,
          40.776252
        ]
      }
    },
    {
      "type": "Feature",
      "properties": {
        "uid": "a1XVI00000FOHQT2A5",
        "name": "UniverseCity"
      },
      "geometry": {
        "type": "Point",
        "coordinates": [
          -119.218642,
          40.781799
        ]
      }
    },
    {
      "type": "Feature",
      "properties": {
        "uid": "a1XVI00000FOPuH2AX",
        "name": "Pleasant Camp"
      },
      "geometry": {
        "type": "Point",
        "coordinates": [
          -119.209406,
          40.770302
        ]
      }
    },
    {
      "type": "Feature",
      "properties": {
        "uid": "a1XVI00000FOTmb2AH",
        "name": "StarPups"
      },
      "geometry": {
        "type": "Point",
        "coordinates": [
          -119.204562,
          40.770848
        ]
      }
    },
    {
      "type": "Feature",
      "properties": {
        "uid": "a1XVI00000FOYMT2A5",
        "name": "Camp LandHO!"
      },
      "geometry": {
        "type": "Point",
        "coordinates": [
          -119.193428,
          40.779946
        ]
      }
    },
    {
      "type": "Feature",
      "properties": {
        "uid": "a1XVI00000FOZiL2AX",
        "name": "Art for Art's Sake"
      },
      "geometry": {
        "type": "Point",
        "coordinates": [
          -119.20975,
          40.773579
        ]
      }
    },
    {
      "type": "Feature",
      "properties": {
        "uid": "a1XVI00000FOaHp2AL",
        "name": "Zero Fucks"
      },
      "geometry": {
        "type": "Point",
        "coordinates": [
          -119.213144,
          40.790912
        ]
      }
    },
    {
      "type": "Feature",
      "properties": {
        "uid": "a1XVI00000FOauX2AT",
        "name": "Hammered and Sickled"
      },
      "geometry": {
        "type": "Point",
        "coordinates": [
          -119.217483,
          40.792178
        ]
      }
    },
    {
      "type": "Feature",
      "properties": {
        "uid": "a1XVI00000FObFV2A1",
        "name": "BAAAHS Station"
      },
      "geometry": {
        "type": "Point",
        "coordinates": [
          -119.22436,
          40.780324
        ]
      }
    },
    {
      "type": "Feature",
      "properties": {
        "uid": "a1XVI00000FObll2AD",
        "name": "The Balls Depot"
      },
      "geometry": {
        "type": "Point",
        "coordinates": [
          -119.197269,
          40.778397
        ]
      }
    },
    {
      "type": "Feature",
      "properties": {
        "uid": "a1XVI00000FOboz2AD",
        "name": "Playa Art Park Support"
      },
      "geometry": {
        "type": "Point",
        "coordinates": [
          -119.220042,
          40.777765
        ]
      }
    },
    {
      "type": "Feature",
      "properties": {
        "uid": "a1XVI00000FOc3V2AT",
        "name": "Bunny Meth Lab"
      },
      "geometry": {
        "type": "Point",
        "coordinates": [
          -119.212977,
          40.789394
        ]
      }
    },
    {
      "type": "Feature",
      "properties": {
        "uid": "a1XVI00000FOfuD2AT",
        "name": "MESA"
      },
      "geometry": {
        "type": "Point",
        "coordinates": [
          -119.212342,
          40.789673
        ]
      }
    },
    {
      "type": "Feature",
      "properties": {
        "uid": "a1XVI00000FOsD72AL",
        "name": "Dusty Dreamers"
      },
      "geometry": {
        "type": "Point",
        "coordinates": [
          -119.22279,
          40.783587
        ]
      }
    },
    {
      "type": "Feature",
      "properties": {
        "uid": "a1XVI00000FOyiN2AT",
        "name": "Raditude"
      },
      "geometry": {
        "type": "Point",
        "coordinates": [
          -119.214424,
          40.777902
        ]
      }
    },
    {
      "type": "Feature",
      "properties": {
        "uid": "a1XVI00000FP0k92AD",
        "name": "Vitruvian"
      },
      "geometry": {
        "type": "Point",
        "coordinates": [
          -119.214176,
          40.777275
        ]
      }
    },
    {
      "type": "Feature",
      "properties": {
        "uid": "a1XVI00000FP1ep2AD",
        "name": "Camp Be Bothered"
      },
      "geometry": {
        "type": "Point",
        "coordinates": [
          -119.22085,
          40.780972
        ]
      }
    },
    {
      "type": "Feature",
      "properties": {
        "uid": "a1XVI00000FP2sP2AT",
        "name": "Nipple Pie"
      },
      "geometry": {
        "type": "Point",
        "coordinates": [
          -119.197663,
          40.774995
        ]
      }
    },
    {
      "type": "Feature",
      "properties": {
        "uid": "a1XVI00000FP3DN2A1",
        "name": "...cats"
      },
      "geometry": {
        "type": "Point",
        "coordinates": [
          -119.205809,
          40.776301
        ]
      }
    },
    {
      "type": "Feature",
      "properties": {
        "uid": "a1XVI00000FP3Jp2AL",
        "name": "Raccoons"
      },
      "geometry": {
        "type": "Point",
        "coordinates": [
          -119.219833,
          40.774538
        ]
      }
    },
    {
      "type": "Feature",
      "properties": {
        "uid": "a1XVI00000FP7KD2A1",
        "name": "Deep Ohm"
      },
      "geometry": {
        "type": "Point",
        "coordinates": [
          -119.207144,
          40.77433
        ]
      }
    },
    {
      "type": "Feature",
      "properties": {
        "uid": "a1XVI00000FP7ld2AD",
        "name": "Chop Shop"
      },
      "geometry": {
        "type": "Point",
        "coordinates": [
          -119.222284,
          40.786685
        ]
      }
    },
    {
      "type": "Feature",
      "properties": {
        "uid": "a1XVI00000FP8TB2A1",
        "name": "SlöMóth"
      },
      "geometry": {
        "type": "Point",
        "coordinates": [
          -119.221016,
          40.792203
        ]
      }
    },
    {
      "type": "Feature",
      "properties": {
        "uid": "a1XVI00000FP9972AD",
        "name": "Sol Family"
      },
      "geometry": {
        "type": "Point",
        "coordinates": [
          -119.197278,
          40.779091
        ]
      }
    },
    {
      "type": "Feature",
      "properties": {
        "uid": "a1XVI00000FP9FZ2A1",
        "name": "Bubbles and Bass"
      },
      "geometry": {
        "type": "Point",
        "coordinates": [
          -119.216723,
          40.786193
        ]
      }
    },
    {
      "type": "Feature",
      "properties": {
        "uid": "a1XVI00000FP9M12AL",
        "name": "Favela Culture"
      },
      "geometry": {
        "type": "Point",
        "coordinates": [
          -119.215903,
          40.797006
        ]
      }
    },
    {
      "type": "Feature",
      "properties": {
        "uid": "a1XVI00000FP9Vh2AL",
        "name": "Alchemist Bazaar"
      },
      "geometry": {
        "type": "Point",
        "coordinates": [
          -119.200353,
          40.774152
        ]
      }
    },
    {
      "type": "Feature",
      "properties": {
        "uid": "a1XVI00000FP9Yv2AL",
        "name": "Golden Gate Project"
      },
      "geometry": {
        "type": "Point",
        "coordinates": [
          -119.214125,
          40.796985
        ]
      }
    },
    {
      "type": "Feature",
      "properties": {
        "uid": "a1XVI00000FP9fN2AT",
        "name": "Rustic WerQ Ranch"
      },
      "geometry": {
        "type": "Point",
        "coordinates": [
          -119.220796,
          40.779219
        ]
      }
    },
    {
      "type": "Feature",
      "properties": {
        "uid": "a1XVI00000FPAA22AP",
        "name": "Node"
      },
      "geometry": {
        "type": "Point",
        "coordinates": [
          -119.220042,
          40.791982
        ]
      }
    },
    {
      "type": "Feature",
      "properties": {
        "uid": "a1XVI00000FPABd2AP",
        "name": "Burning Questions"
      },
      "geometry": {
        "type": "Point",
        "coordinates": [
          -119.204676,
          40.774952
        ]
      }
    },
    {
      "type": "Feature",
      "properties": {
        "uid": "a1XVI00000FPAQ92AP",
        "name": "Lunars Camp"
      },
      "geometry": {
        "type": "Point",
        "coordinates": [
          -119.202469,
          40.77708
        ]
      }
    },
    {
      "type": "Feature",
      "properties": {
        "uid": "a1XVI00000FPCmv2AH",
        "name": "Fire Camp"
      },
      "geometry": {
        "type": "Point",
        "coordinates": [
          -119.218166,
          40.782856
        ]
      }
    },
    {
      "type": "Feature",
      "properties": {
        "uid": "a1XVI00000FPDO12AP",
        "name": "Camp Kinetic"
      },
      "geometry": {
        "type": "Point",
        "coordinates": [
          -119.197501,
          40.774523
        ]
      }
    },
    {
      "type": "Feature",
      "properties": {
        "uid": "a1XVI00000FPE2L2AX",
        "name": "Snarket"
      },
      "geometry": {
        "type": "Point",
        "coordinates": [
          -119.200424,
          40.776726
        ]
      }
    },
    {
      "type": "Feature",
      "properties": {
        "uid": "a1XVI00000FPIVl2AP",
        "name": "CornHub"
      },
      "geometry": {
        "type": "Point",
        "coordinates": [
          -119.211126,
          40.775392
        ]
      }
    },
    {
      "type": "Feature",
      "properties": {
        "uid": "a1XVI00000FPOOH2A5",
        "name": "Magic Paradise"
      },
      "geometry": {
        "type": "Point",
        "coordinates": [
          -119.211354,
          40.775087
        ]
      }
    },
    {
      "type": "Feature",
      "properties": {
        "uid": "a1XVI00000FPOWL2A5",
        "name": "Dark Heart"
      },
      "geometry": {
        "type": "Point",
        "coordinates": [
          -119.201639,
          40.774317
        ]
      }
    },
    {
      "type": "Feature",
      "properties": {
        "uid": "a1XVI00000FPSQH2A5",
        "name": "Rootist Lounge"
      },
      "geometry": {
        "type": "Point",
        "coordinates": [
          -119.200688,
          40.774839
        ]
      }
    },
    {
      "type": "Feature",
      "properties": {
        "uid": "a1XVI00000FPSdB2AX",
        "name": "Brain Freeze Camp"
      },
      "geometry": {
        "type": "Point",
        "coordinates": [
          -119.211678,
          40.774534
        ]
      }
    },
    {
      "type": "Feature",
      "properties": {
        "uid": "a1XVI00000FPT1N2AX",
        "name": "Swing City"
      },
      "geometry": {
        "type": "Point",
        "coordinates": [
          -119.21832,
          40.790498
        ]
      }
    },
    {
      "type": "Feature",
      "properties": {
        "uid": "a1XVI00000FPTe52AH",
        "name": "Storytime Friends"
      },
      "geometry": {
        "type": "Point",
        "coordinates": [
          -119.197421,
          40.778209
        ]
      }
    },
    {
      "type": "Feature",
      "properties": {
        "uid": "a1XVI00000FPWAX2A5",
        "name": "Wild Horses support camp"
      },
      "geometry": {
        "type": "Point",
        "coordinates": [
          -119.208708,
          40.77061
        ]
      }
    },
    {
      "type": "Feature",
      "properties": {
        "uid": "a1XVI00000FPbq92AD",
        "name": "Nobo House"
      },
      "geometry": {
        "type": "Point",
        "coordinates": [
          -119.210666,
          40.773426
        ]
      }
    },
    {
      "type": "Feature",
      "properties": {
        "uid": "a1XVI00000FPdYb2AL",
        "name": "Bisous"
      },
      "geometry": {
        "type": "Point",
        "coordinates": [
          -119.219875,
          40.790331
        ]
      }
    },
    {
      "type": "Feature",
      "properties": {
        "uid": "a1XVI00000FPdjt2AD",
        "name": "Hush Hush Pony Barn"
      },
      "geometry": {
        "type": "Point",
        "coordinates": [
          -119.203107,
          40.774101
        ]
      }
    },
    {
      "type": "Feature",
      "properties": {
        "uid": "a1XVI00000FPeUf2AL",
        "name": "Beaverton"
      },
      "geometry": {
        "type": "Point",
        "coordinates": [
          -119.222222,
          40.779441
        ]
      }
    },
    {
      "type": "Feature",
      "properties": {
        "uid": "a1XVI00000FQ2NJ2A1",
        "name": "Rogue Nation (SEAWeed)"
      },
      "geometry": {
        "type": "Point",
        "coordinates": [
          -119.219542,
          40.776812
        ]
      }
    },
    {
      "type": "Feature",
      "properties": {
        "uid": "a1XVI00000FQ4tl2AD",
        "name": "Mindwerk"
      },
      "geometry": {
        "type": "Point",
        "coordinates": [
          -119.206439,
          40.772765
        ]
      }
    },
    {
      "type": "Feature",
      "properties": {
        "uid": "a1XVI00000FQ5TF2A1",
        "name": "From Mars With Love"
      },
      "geometry": {
        "type": "Point",
        "coordinates": [
          -119.216195,
          40.792194
        ]
      }
    },
    {
      "type": "Feature",
      "properties": {
        "uid": "a1XVI00000FQ9DV2A1",
        "name": "Nordic Paradise"
      },
      "geometry": {
        "type": "Point",
        "coordinates": [
          -119.218196,
          40.783578
        ]
      }
    },
    {
      "type": "Feature",
      "properties": {
        "uid": "a1XVI00000FQ9a52AD",
        "name": "Humble Be Art cars"
      },
      "geometry": {
        "type": "Point",
        "coordinates": [
          -119.211847,
          40.790986
        ]
      }
    },
    {
      "type": "Feature",
      "properties": {
        "uid": "a1XVI00000FQ9gX2AT",
        "name": "TRANSCEND"
      },
      "geometry": {
        "type": "Point",
        "coordinates": [
          -119.213087,
          40.791695
        ]
      }
    },
    {
      "type": "Feature",
      "properties": {
        "uid": "a1XVI00000FQL1l2AH",
        "name": "Imagine Nation Art Lounge"
      },
      "geometry": {
        "type": "Point",
        "coordinates": [
          -119.197371,
          40.780137
        ]
      }
    },
    {
      "type": "Feature",
      "properties": {
        "uid": "a1XVI00000FQOHN2A5",
        "name": "Organic Fruit & Veggie Camp"
      },
      "geometry": {
        "type": "Point",
        "coordinates": [
          -119.193777,
          40.772026
        ]
      }
    },
    {
      "type": "Feature",
      "properties": {
        "uid": "a1XVI00000FQOfZ2AX",
        "name": "Black Rock Piano Lounge"
      },
      "geometry": {
        "type": "Point",
        "coordinates": [
          -119.216894,
          40.789564
        ]
      }
    },
    {
      "type": "Feature",
      "properties": {
        "uid": "a1XVI00000FQOin2AH",
        "name": "Nova Heaven"
      },
      "geometry": {
        "type": "Point",
        "coordinates": [
          -119.212305,
          40.792496
        ]
      }
    },
    {
      "type": "Feature",
      "properties": {
        "uid": "a1XVI00000FQrBJ2A1",
        "name": "Playa Agora"
      },
      "geometry": {
        "type": "Point",
        "coordinates": [
          -119.221242,
          40.790063
        ]
      }
    },
    {
      "type": "Feature",
      "properties": {
        "uid": "a1XVI00000FQsyb2AD",
        "name": "Wrongtown"
      },
      "geometry": {
        "type": "Point",
        "coordinates": [
          -119.22184,
          40.778695
        ]
      }
    },
    {
      "type": "Feature",
      "properties": {
        "uid": "a1XVI00000FQtBV2A1",
        "name": "Rum Amok"
      },
      "geometry": {
        "type": "Point",
        "coordinates": [
          -119.220636,
          40.784486
        ]
      }
    },
    {
      "type": "Feature",
      "properties": {
        "uid": "a1XVI00000FQtuf2AD",
        "name": "Gender Blender"
      },
      "geometry": {
        "type": "Point",
        "coordinates": [
          -119.222988,
          40.779239
        ]
      }
    },
    {
      "type": "Feature",
      "properties": {
        "uid": "a1XVI00000FQtwH2AT",
        "name": "Heart of Parkness"
      },
      "geometry": {
        "type": "Point",
        "coordinates": [
          -119.218658,
          40.784104
        ]
      }
    },
    {
      "type": "Feature",
      "properties": {
        "uid": "a1XVI00000FQxQP2A1",
        "name": "Moon Landing"
      },
      "geometry": {
        "type": "Point",
        "coordinates": [
          -119.218673,
          40.78455
        ]
      }
    },
    {
      "type": "Feature",
      "properties": {
        "uid": "a1XVI00000FRCXV2A5",
        "name": "Camp PtP - Papillio Ovum"
      },
      "geometry": {
        "type": "Point",
        "coordinates": [
          -119.209164,
          40.773883
        ]
      }
    },
    {
      "type": "Feature",
      "properties": {
        "uid": "a1XVI00000FRDIH2A5",
        "name": "THE VEIL"
      },
      "geometry": {
        "type": "Point",
        "coordinates": [
          -119.220146,
          40.78032
        ]
      }
    },
    {
      "type": "Feature",
      "properties": {
        "uid": "a1XVI00000FRDoX2AX",
        "name": "Prairie Kids"
      },
      "geometry": {
        "type": "Point",
        "coordinates": [
          -119.218252,
          40.779691
        ]
      }
    },
    {
      "type": "Feature",
      "properties": {
        "uid": "a1XVI00000FRN6L2AX",
        "name": "Vines Without Borders"
      },
      "geometry": {
        "type": "Point",
        "coordinates": [
          -119.207346,
          40.775585
        ]
      }
    },
    {
      "type": "Feature",
      "properties": {
        "uid": "a1XVI00000FRQvR2AX",
        "name": "You Look Amazing"
      },
      "geometry": {
        "type": "Point",
        "coordinates": [
          -119.220226,
          40.782457
        ]
      }
    },
    {
      "type": "Feature",
      "properties": {
        "uid": "a1XVI00000FRSCT2A5",
        "name": "Camp THREAT"
      },
      "geometry": {
        "type": "Point",
        "coordinates": [
          -119.213623,
          40.776099
        ]
      }
    },
    {
      "type": "Feature",
      "properties": {
        "uid": "a1XVI00000FRVqH2AX",
        "name": "Lost + Found"
      },
      "geometry": {
        "type": "Point",
        "coordinates": [
          -119.215852,
          40.791945
        ]
      }
    },
    {
      "type": "Feature",
      "properties": {
        "uid": "a1XVI00000FRY3N2AX",
        "name": "Bubble Lounge"
      },
      "geometry": {
        "type": "Point",
        "coordinates": [
          -119.219807,
          40.782555
        ]
      }
    },
    {
      "type": "Feature",
      "properties": {
        "uid": "a1XVI00000FRhmb2AD",
        "name": "the Garage"
      },
      "geometry": {
        "type": "Point",
        "coordinates": [
          -119.218734,
          40.789104
        ]
      }
    },
    {
      "type": "Feature",
      "properties": {
        "uid": "a1XVI00000FS33x2AD",
        "name": "XXX-MAS"
      },
      "geometry": {
        "type": "Point",
        "coordinates": [
          -119.217103,
          40.790543
        ]
      }
    },
    {
      "type": "Feature",
      "properties": {
        "uid": "a1XVI00000FS3rx2AD",
        "name": "Camp Cul-de-Sac"
      },
      "geometry": {
        "type": "Point",
        "coordinates": [
          -119.200481,
          40.775763
        ]
      }
    },
    {
      "type": "Feature",
      "properties": {
        "uid": "a1XVI00000FS3tZ2AT",
        "name": "Bubble Camp"
      },
      "geometry": {
        "type": "Point",
        "coordinates": [
          -119.218417,
          40.772475
        ]
      }
    },
    {
      "type": "Feature",
      "properties": {
        "uid": "a1XVI00000FS4b72AD",
        "name": "Alborz"
      },
      "geometry": {
        "type": "Point",
        "coordinates": [
          -119.213942,
          40.793794
        ]
      }
    },
    {
      "type": "Feature",
      "properties": {
        "uid": "a1XVI00000FS4jB2AT",
        "name": "Queertirement"
      },
      "geometry": {
        "type": "Point",
        "coordinates": [
          -119.223174,
          40.779917
        ]
      }
    },
    {
      "type": "Feature",
      "properties": {
        "uid": "a1XVI00000FS6Rd2AL",
        "name": "Burning Globe"
      },
      "geometry": {
        "type": "Point",
        "coordinates": [
          -119.218216,
          40.788439
        ]
      }
    },
    {
      "type": "Feature",
      "properties": {
        "uid": "a1XVI00000FS6t32AD",
        "name": "Kwalq Camp"
      },
      "geometry": {
        "type": "Point",
        "coordinates": [
          -119.202503,
          40.776594
        ]
      }
    },
    {
      "type": "Feature",
      "properties": {
        "uid": "a1XVI00000FS8Jl2AL",
        "name": "Black Rock Brewery"
      },
      "geometry": {
        "type": "Point",
        "coordinates": [
          -119.203184,
          40.776305
        ]
      }
    },
    {
      "type": "Feature",
      "properties": {
        "uid": "a1XVI00000FSKsn2AH",
        "name": "Camp Babe"
      },
      "geometry": {
        "type": "Point",
        "coordinates": [
          -119.225991,
          40.783444
        ]
      }
    },
    {
      "type": "Feature",
      "properties": {
        "uid": "a1XVI00000FSXmn2AH",
        "name": "Arctica Ice Sales"
      },
      "geometry": {
        "type": "Point",
        "coordinates": [
          -119.216739,
          40.777934
        ]
      }
    },
    {
      "type": "Feature",
      "properties": {
        "uid": "a1XVI00000FSXmo2AH",
        "name": "Arctica Ice Sales - Ice Cubed"
      },
      "geometry": {
        "type": "Point",
        "coordinates": [
          -119.194869,
          40.773755
        ]
      }
    },
    {
      "type": "Feature",
      "properties": {
        "uid": "a1XVI00000FSXmp2AH",
        "name": "Arctica Ice Sales - Ice Nine"
      },
      "geometry": {
        "type": "Point",
        "coordinates": [
          -119.220903,
          40.792738
        ]
      }
    },
    {
      "type": "Feature",
      "properties": {
        "uid": "a1XVI00000FSXmq2AH",
        "name": "Arctica Outpost"
      },
      "geometry": {
        "type": "Point",
        "coordinates": [
          -119.223611,
          40.773351
        ]
      }
    },
    {
      "type": "Feature",
      "properties": {
        "uid": "a1XVI00000FSXms2AH",
        "name": "ARTery Pavilion"
      },
      "geometry": {
        "type": "Point",
        "coordinates": [
          -119.214866,
          40.779296
        ]
      }
    },
    {
      "type": "Feature",
      "properties": {
        "uid": "a1XVI00000FSXmt2AH",
        "name": "BLM/FNW Interpretive Camp"
      },
      "geometry": {
        "type": "Point",
        "coordinates": [
          -119.211005,
          40.776678
        ]
      }
    },
    {
      "type": "Feature",
      "properties": {
        "uid": "a1XVI00000FSXmv2AH",
        "name": "BMIR"
      },
      "geometry": {
        "type": "Point",
        "coordinates": [
          -119.213252,
          40.777554
        ]
      }
    },
    {
      "type": "Feature",
      "properties": {
        "uid": "a1XVI00000FSXn02AH",
        "name": "Burner Express Bus Depot"
      },
      "geometry": {
        "type": "Point",
        "coordinates": [
          -119.222737,
          40.773344
        ]
      }
    },
    {
      "type": "Feature",
      "properties": {
        "uid": "a1XVI00000FSXn22AH",
        "name": "Census"
      },
      "geometry": {
        "type": "Point",
        "coordinates": [
          -119.216757,
          40.779135
        ]
      }
    },
    {
      "type": "Feature",
      "properties": {
        "uid": "a1XVI00000FSXn92AH",
        "name": "Earth Guardians"
      },
      "geometry": {
        "type": "Point",
        "coordinates": [
          -119.210696,
          40.776285
        ]
      }
    },
    {
      "type": "Feature",
      "properties": {
        "uid": "a1XVI00000FSXnB2AX",
        "name": "ESD Rampart"
      },
      "geometry": {
        "type": "Point",
        "coordinates": [
          -119.211649,
          40.776338
        ]
      }
    },
    {
      "type": "Feature",
      "properties": {
        "uid": "a1XVI00000FSXnC2AX",
        "name": "ESD Station 3:00"
      },
      "geometry": {
        "type": "Point",
        "coordinates": [
          -119.199323,
          40.775718
        ]
      }
    },
    {
      "type": "Feature",
      "properties": {
        "uid": "a1XVI00000FSXnD2AX",
        "name": "ESD Station 9:00"
      },
      "geometry": {
        "type": "Point",
        "coordinates": [
          -119.216448,
          40.790776
        ]
      }
    },
    {
      "type": "Feature",
      "properties": {
        "uid": "a1XVI00000FSXnJ2AX",
        "name": "Fire Conclave Convergence"
      },
      "geometry": {
        "type": "Point",
        "coordinates": [
          -119.213487,
          40.778424
        ]
      }
    },
    {
      "type": "Feature",
      "properties": {
        "uid": "a1XVI00000FSXnK2AX",
        "name": "Felis Mundi"
      },
      "geometry": {
        "type": "Point",
        "coordinates": [
          -119.214402,
          40.77894
        ]
      }
    },
    {
      "type": "Feature",
      "properties": {
        "uid": "a1XVI00000FSXnN2AX",
        "name": "HOVerlandia"
      },
      "geometry": {
        "type": "Point",
        "coordinates": [
          -119.22251,
          40.773893
        ]
      }
    },
    {
      "type": "Feature",
      "properties": {
        "uid": "a1XVI00000FSXnO2AX",
        "name": "Lamplighters"
      },
      "geometry": {
        "type": "Point",
        "coordinates": [
          -119.216973,
          40.780386
        ]
      }
    },
    {
      "type": "Feature",
      "properties": {
        "uid": "a1XVI00000FSXnP2AX",
        "name": "Media Mecca"
      },
      "geometry": {
        "type": "Point",
        "coordinates": [
          -119.216348,
          40.779266
        ]
      }
    },
    {
      "type": "Feature",
      "properties": {
        "uid": "a1XVI00000FSXnS2AX",
        "name": "MOOP MAP HQ"
      },
      "geometry": {
        "type": "Point",
        "coordinates": [
          -119.212425,
          40.777011
        ]
      }
    },
    {
      "type": "Feature",
      "properties": {
        "uid": "a1XVI00000FSXna2AH",
        "name": "Placement HQ"
      },
      "geometry": {
        "type": "Point",
        "coordinates": [
          -119.213222,
          40.778242
        ]
      }
    },
    {
      "type": "Feature",
      "properties": {
        "uid": "a1XVI00000FSXnb2AH",
        "name": "Playa Info/VRT"
      },
      "geometry": {
        "type": "Point",
        "coordinates": [
          -119.213392,
          40.777923
        ]
      }
    },
    {
      "type": "Feature",
      "properties": {
        "uid": "a1XVI00000FSXne2AH",
        "name": "Ranger Headquarters"
      },
      "geometry": {
        "type": "Point",
        "coordinates": [
          -119.216383,
          40.779926
        ]
      }
    },
    {
      "type": "Feature",
      "properties": {
        "uid": "a1XVI00000FSXnf2AH",
        "name": "Ranger Outpost Berlin"
      },
      "geometry": {
        "type": "Point",
        "coordinates": [
          -119.198119,
          40.77663
        ]
      }
    },
    {
      "type": "Feature",
      "properties": {
        "uid": "a1XVI00000FSXng2AH",
        "name": "Ranger Outpost Tokyo"
      },
      "geometry": {
        "type": "Point",
        "coordinates": [
          -119.217699,
          40.789832
        ]
      }
    },
    {
      "type": "Feature",
      "properties": {
        "uid": "a1XVI00000FSXnh2AH",
        "name": "Recycle Camp"
      },
      "geometry": {
        "type": "Point",
        "coordinates": [
          -119.213315,
          40.777005
        ]
      }
    },
    {
      "type": "Feature",
      "properties": {
        "uid": "a1XVI00000FSXnj2AH",
        "name": "Temple Guardians"
      },
      "geometry": {
        "type": "Point",
        "coordinates": [
          -119.213245,
          40.777317
        ]
      }
    },
    {
      "type": "Feature",
      "properties": {
        "uid": "a1XVI00000FSXnk2AH",
        "name": "the black hole"
      },
      "geometry": {
        "type": "Point",
        "coordinates": [
          -119.217237,
          40.773792
        ]
      }
    },
    {
      "type": "Feature",
      "properties": {
        "uid": "a1XVI00000FSXnp2AH",
        "name": "Waterworks"
      },
      "geometry": {
        "type": "Point",
        "coordinates": [
          -119.212188,
          40.777115
        ]
      }
    },
    {
      "type": "Feature",
      "properties": {
        "uid": "a1XVI00000FSXnq2AH",
        "name": "Yellow Bike Project"
      },
      "geometry": {
        "type": "Point",
        "coordinates": [
          -119.214557,
          40.77393
        ]
      }
    },
    {
      "type": "Feature",
      "properties": {
        "uid": "a1XVI00000FSXwT2AX",
        "name": "Pink Mammoth"
      },
      "geometry": {
        "type": "Point",
        "coordinates": [
          -119.219686,
          40.79351
        ]
      }
    },
    {
      "type": "Feature",
      "properties": {
        "uid": "a1XVI00000FSYSk2AP",
        "name": "Breakaway Republic"
      },
      "geometry": {
        "type": "Point",
        "coordinates": [
          -119.215884,
          40.779345
        ]
      }
    },
    {
      "type": "Feature",
      "properties": {
        "uid": "a1XVI00000FSbf92AD",
        "name": "Dusty Bunnies"
      },
      "geometry": {
        "type": "Point",
        "coordinates": [
          -119.200472,
          40.776136
        ]
      }
    },
    {
      "type": "Feature",
      "properties": {
        "uid": "a1XVI00000FSdgv2AD",
        "name": "This Is It"
      },
      "geometry": {
        "type": "Point",
        "coordinates": [
          -119.218085,
          40.780275
        ]
      }
    },
    {
      "type": "Feature",
      "properties": {
        "uid": "a1XVI00000FSeDB2A1",
        "name": "Camp of the Rising Buns"
      },
      "geometry": {
        "type": "Point",
        "coordinates": [
          -119.21229,
          40.791667
        ]
      }
    },
    {
      "type": "Feature",
      "properties": {
        "uid": "a1XVI00000FSeLF2A1",
        "name": "The Market"
      },
      "geometry": {
        "type": "Point",
        "coordinates": [
          -119.196505,
          40.775099
        ]
      }
    },
    {
      "type": "Feature",
      "properties": {
        "uid": "a1XVI00000FSeUv2AL",
        "name": "Sidequest Sideshow"
      },
      "geometry": {
        "type": "Point",
        "coordinates": [
          -119.220315,
          40.778579
        ]
      }
    },
    {
      "type": "Feature",
      "properties": {
        "uid": "a1XVI00000FSeWX2A1",
        "name": "PLUR Pups"
      },
      "geometry": {
        "type": "Point",
        "coordinates": [
          -119.219086,
          40.784291
        ]
      }
    },
    {
      "type": "Feature",
      "properties": {
        "uid": "a1XVI00000FSsw52AD",
        "name": "Deoxidized"
      },
      "geometry": {
        "type": "Point",
        "coordinates": [
          -119.194846,
          40.779595
        ]
      }
    },
    {
      "type": "Feature",
      "properties": {
        "uid": "a1XVI00000FSwI92AL",
        "name": "Hungry Games"
      },
      "geometry": {
        "type": "Point",
        "coordinates": [
          -119.218523,
          40.779211
        ]
      }
    },
    {
      "type": "Feature",
      "properties": {
        "uid": "a1XVI00000FT2SP2A1",
        "name": "Our Own Devices"
      },
      "geometry": {
        "type": "Point",
        "coordinates": [
          -119.206483,
          40.77504
        ]
      }
    },
    {
      "type": "Feature",
      "properties": {
        "uid": "a1XVI00000FT7ez2AD",
        "name": "Church of Chill"
      },
      "geometry": {
        "type": "Point",
        "coordinates": [
          -119.221037,
          40.784789
        ]
      }
    },
    {
      "type": "Feature",
      "properties": {
        "uid": "a1XVI00000FT7tV2AT",
        "name": "House of Sammich"
      },
      "geometry": {
        "type": "Point",
        "coordinates": [
          -119.221734,
          40.781931
        ]
      }
    },
    {
      "type": "Feature",
      "properties": {
        "uid": "a1XVI00000FT7wj2AD",
        "name": "Your New Friend"
      },
      "geometry": {
        "type": "Point",
        "coordinates": [
          -119.199232,
          40.778292
        ]
      }
    },
    {
      "type": "Feature",
      "properties": {
        "uid": "a1XVI00000FT7yL2AT",
        "name": "Joey Glowey Bar"
      },
      "geometry": {
        "type": "Point",
        "coordinates": [
          -119.219615,
          40.782002
        ]
      }
    },
    {
      "type": "Feature",
      "properties": {
        "uid": "a1XVI00000FT81Z2AT",
        "name": "Fat Panda"
      },
      "geometry": {
        "type": "Point",
        "coordinates": [
          -119.224519,
          40.782762
        ]
      }
    },
    {
      "type": "Feature",
      "properties": {
        "uid": "a1XVI00000FTD2r2AH",
        "name": "Iron Monkeys"
      },
      "geometry": {
        "type": "Point",
        "coordinates": [
          -119.212766,
          40.774669
        ]
      }
    },
    {
      "type": "Feature",
      "properties": {
        "uid": "a1XVI00000FTD4T2AX",
        "name": "Solid City"
      },
      "geometry": {
        "type": "Point",
        "coordinates": [
          -119.219315,
          40.777281
        ]
      }
    },
    {
      "type": "Feature",
      "properties": {
        "uid": "a1XVI00000FTD7h2AH",
        "name": "Bat Haus"
      },
      "geometry": {
        "type": "Point",
        "coordinates": [
          -119.22109,
          40.785331
        ]
      }
    },
    {
      "type": "Feature",
      "properties": {
        "uid": "a1XVI00000FTD9J2AX",
        "name": "Abraxas Camp"
      },
      "geometry": {
        "type": "Point",
        "coordinates": [
          -119.190385,
          40.778112
        ]
      }
    },
    {
      "type": "Feature",
      "properties": {
        "uid": "a1XVI00000FTDAv2AP",
        "name": "Empire of Dirt"
      },
      "geometry": {
        "type": "Point",
        "coordinates": [
          -119.204156,
          40.775443
        ]
      }
    },
    {
      "type": "Feature",
      "properties": {
        "uid": "a1XVI00000FTRiX2AX",
        "name": "High Maintenance Entertainment"
      },
      "geometry": {
        "type": "Point",
        "coordinates": [
          -119.218429,
          40.794478
        ]
      }
    },
    {
      "type": "Feature",
      "properties": {
        "uid": "a1XVI00000FTkur2AD",
        "name": "Colita de Rana"
      },
      "geometry": {
        "type": "Point",
        "coordinates": [
          -119.217211,
          40.793729
        ]
      }
    },
    {
      "type": "Feature",
      "properties": {
        "uid": "a1XVI00000FToNN2A1",
        "name": "PlayaDough"
      },
      "geometry": {
        "type": "Point",
        "coordinates": [
          -119.219301,
          40.773009
        ]
      }
    },
    {
      "type": "Feature",
      "properties": {
        "uid": "a1XVI00000FTsij2AD",
        "name": "ArtSled"
      },
      "geometry": {
        "type": "Point",
        "coordinates": [
          -119.221059,
          40.785096
        ]
      }
    },
    {
      "type": "Feature",
      "properties": {
        "uid": "a1XVI00000FTxGz2AL",
        "name": "Snarky Marquee"
      },
      "geometry": {
        "type": "Point",
        "coordinates": [
          -119.216028,
          40.771977
        ]
      }
    },
    {
      "type": "Feature",
      "properties": {
        "uid": "a1XVI00000FTzPF2A1",
        "name": "La Calaca Village"
      },
      "geometry": {
        "type": "Point",
        "coordinates": [
          -119.203024,
          40.771736
        ]
      }
    },
    {
      "type": "Feature",
      "properties": {
        "uid": "a1XVI00000FUYEv2AP",
        "name": "Camp (Can't) Stop"
      },
      "geometry": {
        "type": "Point",
        "coordinates": [
          -119.218537,
          40.785628
        ]
      }
    },
    {
      "type": "Feature",
      "properties": {
        "uid": "a1XVI00000FUwVl2AL",
        "name": "Counter Culture"
      },
      "geometry": {
        "type": "Point",
        "coordinates": [
          -119.219408,
          40.778917
        ]
      }
    },
    {
      "type": "Feature",
      "properties": {
        "uid": "a1XVI00000FV2hd2AD",
        "name": "Choo Choo"
      },
      "geometry": {
        "type": "Point",
        "coordinates": [
          -119.214951,
          40.794778
        ]
      }
    },
    {
      "type": "Feature",
      "properties": {
        "uid": "a1XVI00000FV6QH2A1",
        "name": "Frizz"
      },
      "geometry": {
        "type": "Point",
        "coordinates": [
          -119.209718,
          40.773229
        ]
      }
    },
    {
      "type": "Feature",
      "properties": {
        "uid": "a1XVI00000FV6tJ2AT",
        "name": "Happy Seats"
      },
      "geometry": {
        "type": "Point",
        "coordinates": [
          -119.202831,
          40.773028
        ]
      }
    },
    {
      "type": "Feature",
      "properties": {
        "uid": "a1XVI00000FV7UP2A1",
        "name": "Read Write Draw Camp"
      },
      "geometry": {
        "type": "Point",
        "coordinates": [
          -119.211645,
          40.770992
        ]
      }
    },
    {
      "type": "Feature",
      "properties": {
        "uid": "a1XVI00000FVNMH2A5",
        "name": "Camp Fly"
      },
      "geometry": {
        "type": "Point",
        "coordinates": [
          -119.197556,
          40.777314
        ]
      }
    },
    {
      "type": "Feature",
      "properties": {
        "uid": "a1XVI00000FVOev2AH",
        "name": "Mouse Trap"
      },
      "geometry": {
        "type": "Point",
        "coordinates": [
          -119.218276,
          40.773274
        ]
      }
    },
    {
      "type": "Feature",
      "properties": {
        "uid": "a1XVI00000FVZIb2AP",
        "name": "THICC VIBEZ"
      },
      "geometry": {
        "type": "Point",
        "coordinates": [
          -119.213605,
          40.792379
        ]
      }
    },
    {
      "type": "Feature",
      "properties": {
        "uid": "a1XVI00000FW7aP2AT",
        "name": "Star Buds"
      },
      "geometry": {
        "type": "Point",
        "coordinates": [
          -119.203565,
          40.775322
        ]
      }
    },
    {
      "type": "Feature",
      "properties": {
        "uid": "a1XVI00000FW7gr2AD",
        "name": "Struggletown Station"
      },
      "geometry": {
        "type": "Point",
        "coordinates": [
          -119.196135,
          40.777029
        ]
      }
    },
    {
      "type": "Feature",
      "properties": {
        "uid": "a1XVI00000FW80D2AT",
        "name": "Disco Mushroom"
      },
      "geometry": {
        "type": "Point",
        "coordinates": [
          -119.214249,
          40.789912
        ]
      }
    },
    {
      "type": "Feature",
      "properties": {
        "uid": "a1XVI00000FW9Kb2AL",
        "name": "Pranksters in the Pines"
      },
      "geometry": {
        "type": "Point",
        "coordinates": [
          -119.212845,
          40.790643
        ]
      }
    },
    {
      "type": "Feature",
      "properties": {
        "uid": "a1XVI00000FWB4X2AX",
        "name": "LIZARD"
      },
      "geometry": {
        "type": "Point",
        "coordinates": [
          -119.20139,
          40.776571
        ]
      }
    },
    {
      "type": "Feature",
      "properties": {
        "uid": "a1XVI00000FWBe12AH",
        "name": "Arctic Court"
      },
      "geometry": {
        "type": "Point",
        "coordinates": [
          -119.205549,
          40.77322
        ]
      }
    },
    {
      "type": "Feature",
      "properties": {
        "uid": "a1XVI00000FWBhF2AX",
        "name": "Flock of Donkeys"
      },
      "geometry": {
        "type": "Point",
        "coordinates": [
          -119.1991,
          40.773165
        ]
      }
    },
    {
      "type": "Feature",
      "properties": {
        "uid": "a1XVI00000FWBir2AH",
        "name": "Chair Camp"
      },
      "geometry": {
        "type": "Point",
        "coordinates": [
          -119.214046,
          40.793091
        ]
      }
    },
    {
      "type": "Feature",
      "properties": {
        "uid": "a1XVI00000FWBkT2AX",
        "name": "FDA: Food & Dance Administration"
      },
      "geometry": {
        "type": "Point",
        "coordinates": [
          -119.223242,
          40.783596
        ]
      }
    },
    {
      "type": "Feature",
      "properties": {
        "uid": "a1XVI00000FWBxN2AX",
        "name": "Dome Sweet Dome"
      },
      "geometry": {
        "type": "Point",
        "coordinates": [
          -119.203434,
          40.773714
        ]
      }
    },
    {
      "type": "Feature",
      "properties": {
        "uid": "a1XVI00000FWByz2AH",
        "name": "Charting the Uncharted"
      },
      "geometry": {
        "type": "Point",
        "coordinates": [
          -119.198821,
          40.778611
        ]
      }
    },
    {
      "type": "Feature",
      "properties": {
        "uid": "a1XVI00000FWp5B2AT",
        "name": "Black Rock Labs The Expanse"
      },
      "geometry": {
        "type": "Point",
        "coordinates": [
          -119.190239,
          40.778616
        ]
      }
    },
    {
      "type": "Feature",
      "properties": {
        "uid": "a1XVI00000FWqcL2AT",
        "name": "Extinct Oasis"
      },
      "geometry": {
        "type": "Point",
        "coordinates": [
          -119.217684,
          40.788427
        ]
      }
    },
    {
      "type": "Feature",
      "properties": {
        "uid": "a1XVI00000FWrer2AD",
        "name": "pandemonium"
      },
      "geometry": {
        "type": "Point",
        "coordinates": [
          -119.196706,
          40.774453
        ]
      }
    },
    {
      "type": "Feature",
      "properties": {
        "uid": "a1XVI00000FWsXh2AL",
        "name": "Lightning Bug Lounge"
      },
      "geometry": {
        "type": "Point",
        "coordinates": [
          -119.20717,
          40.772721
        ]
      }
    },
    {
      "type": "Feature",
      "properties": {
        "uid": "a1XVI00000FWujB2AT",
        "name": "Love Tripping"
      },
      "geometry": {
        "type": "Point",
        "coordinates": [
          -119.220401,
          40.79159
        ]
      }
    },
    {
      "type": "Feature",
      "properties": {
        "uid": "a1XVI00000FX6h72AD",
        "name": "Acid On Ice"
      },
      "geometry": {
        "type": "Point",
        "coordinates": [
          -119.218836,
          40.788366
        ]
      }
    },
    {
      "type": "Feature",
      "properties": {
        "uid": "a1XVI00000FXKH32AP",
        "name": "Playacuda"
      },
      "geometry": {
        "type": "Point",
        "coordinates": [
          -119.217515,
          40.793569
        ]
      }
    },
    {
      "type": "Feature",
      "properties": {
        "uid": "a1XVI00000FXRIX2A5",
        "name": "Metamorphosis Energy Lab"
      },
      "geometry": {
        "type": "Point",
        "coordinates": [
          -119.221955,
          40.785605
        ]
      }
    },
    {
      "type": "Feature",
      "properties": {
        "uid": "a1XVI00000FXSbB2AX",
        "name": "Lookout! The Camp"
      },
      "geometry": {
        "type": "Point",
        "coordinates": [
          -119.197036,
          40.777389
        ]
      }
    },
    {
      "type": "Feature",
      "properties": {
        "uid": "a1XVI00000FXSkr2AH",
        "name": "BlinkingManCamp97"
      },
      "geometry": {
        "type": "Point",
        "coordinates": [
          -119.212978,
          40.774275
        ]
      }
    },
    {
      "type": "Feature",
      "properties": {
        "uid": "a1XVI00000FXWJp2AP",
        "name": "Luminary Camp"
      },
      "geometry": {
        "type": "Point",
        "coordinates": [
          -119.213277,
          40.79333
        ]
      }
    },
    {
      "type": "Feature",
      "properties": {
        "uid": "a1XVI00000FXhAP2A1",
        "name": "Eitherlight"
      },
      "geometry": {
        "type": "Point",
        "coordinates": [
          -119.198623,
          40.774903
        ]
      }
    },
    {
      "type": "Feature",
      "properties": {
        "uid": "a1XVI00000FXv8X2AT",
        "name": "Mona Camp"
      },
      "geometry": {
        "type": "Point",
        "coordinates": [
          -119.222332,
          40.775176
        ]
      }
    },
    {
      "type": "Feature",
      "properties": {
        "uid": "a1XVI00000FXvgP2AT",
        "name": "Helios Hideout"
      },
      "geometry": {
        "type": "Point",
        "coordinates": [
          -119.217784,
          40.7928
        ]
      }
    },
    {
      "type": "Feature",
      "properties": {
        "uid": "a1XVI00000FY5B72AL",
        "name": "Gritty Garden"
      },
      "geometry": {
        "type": "Point",
        "coordinates": [
          -119.21257,
          40.775444
        ]
      }
    },
    {
      "type": "Feature",
      "properties": {
        "uid": "a1XVI00000FY8fF2AT",
        "name": "Tree of Love"
      },
      "geometry": {
        "type": "Point",
        "coordinates": [
          -119.222851,
          40.785877
        ]
      }
    },
    {
      "type": "Feature",
      "properties": {
        "uid": "a1XVI00000FY8lh2AD",
        "name": "BUBBLEGASM"
      },
      "geometry": {
        "type": "Point",
        "coordinates": [
          -119.224591,
          40.782472
        ]
      }
    },
    {
      "type": "Feature",
      "properties": {
        "uid": "a1XVI00000FY9uf2AD",
        "name": "STRANGELOVE"
      },
      "geometry": {
        "type": "Point",
        "coordinates": [
          -119.205958,
          40.774294
        ]
      }
    },
    {
      "type": "Feature",
      "properties": {
        "uid": "a1XVI00000FYAHF2A5",
        "name": "Mindseye Bonsai"
      },
      "geometry": {
        "type": "Point",
        "coordinates": [
          -119.219761,
          40.777121
        ]
      }
    },
    {
      "type": "Feature",
      "properties": {
        "uid": "a1XVI00000FYANh2AP",
        "name": "Tengri Camp"
      },
      "geometry": {
        "type": "Point",
        "coordinates": [
          -119.202108,
          40.772647
        ]
      }
    },
    {
      "type": "Feature",
      "properties": {
        "uid": "a1XVI00000FYAXN2A5",
        "name": "Touch Glass"
      },
      "geometry": {
        "type": "Point",
        "coordinates": [
          -119.221693,
          40.782286
        ]
      }
    },
    {
      "type": "Feature",
      "properties": {
        "uid": "a1XVI00000FYBgL2AX",
        "name": "Renewables For Artists RAT HQ"
      },
      "geometry": {
        "type": "Point",
        "coordinates": [
          -119.19518,
          40.774965
        ]
      }
    },
    {
      "type": "Feature",
      "properties": {
        "uid": "a1XVI00000FYBlB2AX",
        "name": "Camp Condundrum"
      },
      "geometry": {
        "type": "Point",
        "coordinates": [
          -119.212192,
          40.774786
        ]
      }
    },
    {
      "type": "Feature",
      "properties": {
        "uid": "a1XVI00000FYDa52AH",
        "name": "Water Suckers"
      },
      "geometry": {
        "type": "Point",
        "coordinates": [
          -119.207055,
          40.773496
        ]
      }
    },
    {
      "type": "Feature",
      "properties": {
        "uid": "a1XVI00000FYIjR2AX",
        "name": "Sound Cabin"
      },
      "geometry": {
        "type": "Point",
        "coordinates": [
          -119.215315,
          40.795028
        ]
      }
    },
    {
      "type": "Feature",
      "properties": {
        "uid": "a1XVI00000FYIuj2AH",
        "name": "Central Cafe"
      },
      "geometry": {
        "type": "Point",
        "coordinates": [
          -119.20832,
          40.775925
        ]
      }
    },
    {
      "type": "Feature",
      "properties": {
        "uid": "a1XVI00000FYOFN2A5",
        "name": "Enrichment.Institute"
      },
      "geometry": {
        "type": "Point",
        "coordinates": [
          -119.221657,
          40.776733
        ]
      }
    },
    {
      "type": "Feature",
      "properties": {
        "uid": "a1XVI00000FYPg52AH",
        "name": "Dustmight"
      },
      "geometry": {
        "type": "Point",
        "coordinates": [
          -119.201151,
          40.774923
        ]
      }
    },
    {
      "type": "Feature",
      "properties": {
        "uid": "a1XVI00000FYQ972AH",
        "name": "Dinosaur King"
      },
      "geometry": {
        "type": "Point",
        "coordinates": [
          -119.215883,
          40.77606
        ]
      }
    },
    {
      "type": "Feature",
      "properties": {
        "uid": "a1XVI00000FYRmj2AH",
        "name": "San Marco Square"
      },
      "geometry": {
        "type": "Point",
        "coordinates": [
          -119.216706,
          40.793231
        ]
      }
    },
    {
      "type": "Feature",
      "properties": {
        "uid": "a1XVI00000FYRy12AH",
        "name": "MAXA"
      },
      "geometry": {
        "type": "Point",
        "coordinates": [
          -119.226038,
          40.790346
        ]
      }
    },
    {
      "type": "Feature",
      "properties": {
        "uid": "a1XVI00000FYVLh2AP",
        "name": "Kosmic Korner"
      },
      "geometry": {
        "type": "Point",
        "coordinates": [
          -119.198766,
          40.778931
        ]
      }
    },
    {
      "type": "Feature",
      "properties": {
        "uid": "a1XVI00000FYksb2AD",
        "name": "Elsewhere Institute"
      },
      "geometry": {
        "type": "Point",
        "coordinates": [
          -119.216288,
          40.787742
        ]
      }
    },
    {
      "type": "Feature",
      "properties": {
        "uid": "a1XVI00000FZQlN2AX",
        "name": "Camp Kühloff"
      },
      "geometry": {
        "type": "Point",
        "coordinates": [
          -119.197622,
          40.773285
        ]
      }
    },
    {
      "type": "Feature",
      "properties": {
        "uid": "a1XVI00000FaOft2AF",
        "name": "OHM HOME"
      },
      "geometry": {
        "type": "Point",
        "coordinates": [
          -119.217456,
          40.796421
        ]
      }
    },
    {
      "type": "Feature",
      "properties": {
        "uid": "a1XVI00000FaYKH2A3",
        "name": "Playa Peace Project"
      },
      "geometry": {
        "type": "Point",
        "coordinates": [
          -119.217146,
          40.793031
        ]
      }
    },
    {
      "type": "Feature",
      "properties": {
        "uid": "a1XVI00000FaYnJ2AV",
        "name": "TBA"
      },
      "geometry": {
        "type": "Point",
        "coordinates": [
          -119.190506,
          40.77604
        ]
      }
    },
    {
      "type": "Feature",
      "properties": {
        "uid": "a1XVI00000Faesj2AB",
        "name": "Camp Connection"
      },
      "geometry": {
        "type": "Point",
        "coordinates": [
          -119.220616,
          40.785033
        ]
      }
    },
    {
      "type": "Feature",
      "properties": {
        "uid": "a1XVI00000FbACf2AN",
        "name": "Coming Home"
      },
      "geometry": {
        "type": "Point",
        "coordinates": [
          -119.197134,
          40.776536
        ]
      }
    },
    {
      "type": "Feature",
      "properties": {
        "uid": "a1XVI00000Fbpan2AB",
        "name": "BRCSPCA (anti-human society)"
      },
      "geometry": {
        "type": "Point",
        "coordinates": [
          -119.202126,
          40.773246
        ]
      }
    },
    {
      "type": "Feature",
      "properties": {
        "uid": "a1XVI00000FcDoP2AV",
        "name": "Draft Punk"
      },
      "geometry": {
        "type": "Point",
        "coordinates": [
          -119.217676,
          40.79128
        ]
      }
    },
    {
      "type": "Feature",
      "properties": {
        "uid": "a1XVI00000FchrK2AR",
        "name": "As Above So At Camp"
      },
      "geometry": {
        "type": "Point",
        "coordinates": [
          -119.212885,
          40.773874
        ]
      }
    },
    {
      "type": "Feature",
      "properties": {
        "uid": "a1XVI00000Fchxm2AB",
        "name": "The Pink Hole"
      },
      "geometry": {
        "type": "Point",
        "coordinates": [
          -119.217523,
          40.777334
        ]
      }
    },
    {
      "type": "Feature",
      "properties": {
        "uid": "a1XVI00000FcpAX2AZ",
        "name": "Navigate to YES"
      },
      "geometry": {
        "type": "Point",
        "coordinates": [
          -119.189869,
          40.778297
        ]
      }
    },
    {
      "type": "Feature",
      "properties": {
        "uid": "a1XVI00000Fcqxp2AB",
        "name": "ARMÉ - Army of Love"
      },
      "geometry": {
        "type": "Point",
        "coordinates": [
          -119.194247,
          40.778326
        ]
      }
    },
    {
      "type": "Feature",
      "properties": {
        "uid": "a1XVI00000FdM9h2AF",
        "name": "Seashell Cartel"
      },
      "geometry": {
        "type": "Point",
        "coordinates": [
          -119.218234,
          40.796468
        ]
      }
    },
    {
      "type": "Feature",
      "properties": {
        "uid": "a1XVI00000Fe8r32AB",
        "name": "Ragnarokk"
      },
      "geometry": {
        "type": "Point",
        "coordinates": [
          -119.219473,
          40.796028
        ]
      }
    },
    {
      "type": "Feature",
      "properties": {
        "uid": "a1XVI00000FedQD2AZ",
        "name": "Moonraker"
      },
      "geometry": {
        "type": "Point",
        "coordinates": [
          -119.209922,
          40.773669
        ]
      }
    },
    {
      "type": "Feature",
      "properties": {
        "uid": "a1XVI00000Ff5sj2AB",
        "name": "The Makers Space"
      },
      "geometry": {
        "type": "Point",
        "coordinates": [
          -119.196705,
          40.77698
        ]
      }
    },
    {
      "type": "Feature",
      "properties": {
        "uid": "a1XVI00000FfS7l2AF",
        "name": "KonaZona Coffee & Tiki Bar"
      },
      "geometry": {
        "type": "Point",
        "coordinates": [
          -119.219653,
          40.77693
        ]
      }
    },
    {
      "type": "Feature",
      "properties": {
        "uid": "a1XVI00000FgNfV2AV",
        "name": "Camp BYUS"
      },
      "geometry": {
        "type": "Point",
        "coordinates": [
          -119.222887,
          40.781451
        ]
      }
    },
    {
      "type": "Feature",
      "properties": {
        "uid": "a1XVI00000FgYFx2AN",
        "name": "Airpusher Collective"
      },
      "geometry": {
        "type": "Point",
        "coordinates": [
          -119.216655,
          40.791934
        ]
      }
    },
    {
      "type": "Feature",
      "properties": {
        "uid": "a1XVI00000Fh86X2AR",
        "name": "Kaya"
      },
      "geometry": {
        "type": "Point",
        "coordinates": [
          -119.212215,
          40.790871
        ]
      }
    },
    {
      "type": "Feature",
      "properties": {
        "uid": "a1XVI00000Fh8ph2AB",
        "name": "White Elephant Exchange"
      },
      "geometry": {
        "type": "Point",
        "coordinates": [
          -119.2039,
          40.773597
        ]
      }
    },
    {
      "type": "Feature",
      "properties": {
        "uid": "a1XVI00000Fhhgz2AB",
        "name": "The Back Hole"
      },
      "geometry": {
        "type": "Point",
        "coordinates": [
          -119.217284,
          40.772805
        ]
      }
    },
    {
      "type": "Feature",
      "properties": {
        "uid": "a1XVI00000FhjcL2AR",
        "name": "Terrapin Station"
      },
      "geometry": {
        "type": "Point",
        "coordinates": [
          -119.214163,
          40.795791
        ]
      }
    },
    {
      "type": "Feature",
      "properties": {
        "uid": "a1XVI00000Fi00T2AR",
        "name": "Hooter Tooterville"
      },
      "geometry": {
        "type": "Point",
        "coordinates": [
          -119.206541,
          40.770154
        ]
      }
    },
    {
      "type": "Feature",
      "properties": {
        "uid": "a1XVI00000FiEWT2A3",
        "name": "The G Spot"
      },
      "geometry": {
        "type": "Point",
        "coordinates": [
          -119.190088,
          40.778961
        ]
      }
    },
    {
      "type": "Feature",
      "properties": {
        "uid": "a1XVI00000FiPjd2AF",
        "name": "42 Ramen"
      },
      "geometry": {
        "type": "Point",
        "coordinates": [
          -119.221117,
          40.780098
        ]
      }
    },
    {
      "type": "Feature",
      "properties": {
        "uid": "a1XVI00000Fj28H2AR",
        "name": "For the Glory of The C Ship"
      },
      "geometry": {
        "type": "Point",
        "coordinates": [
          -119.19119,
          40.77842
        ]
      }
    },
    {
      "type": "Feature",
      "properties": {
        "uid": "a1XVI00000FkAyE2AV",
        "name": "Camp Fortress of Solitude"
      },
      "geometry": {
        "type": "Point",
        "coordinates": [
          -119.212702,
          40.77158
        ]
      }
    },
    {
      "type": "Feature",
      "properties": {
        "uid": "a1XVI00000FlKqg2AF",
        "name": "Analog"
      },
      "geometry": {
        "type": "Point",
        "coordinates": [
          -119.223041,
          40.787349
        ]
      }
    },
    {
      "type": "Feature",
      "properties": {
        "uid": "a1XVI00000FlbGP2AZ",
        "name": "sunny side up"
      },
      "geometry": {
        "type": "Point",
        "coordinates": [
          -119.219214,
          40.787053
        ]
      }
    },
    {
      "type": "Feature",
      "properties": {
        "uid": "a1XVI00000Flfjp2AB",
        "name": "Sha La La"
      },
      "geometry": {
        "type": "Point",
        "coordinates": [
          -119.216166,
          40.794696
        ]
      }
    },
    {
      "type": "Feature",
      "properties": {
        "uid": "a1XVI00000FnyFJ2AZ",
        "name": "Wild Tribe"
      },
      "geometry": {
        "type": "Point",
        "coordinates": [
          -119.218871,
          40.793207
        ]
      }
    },
    {
      "type": "Feature",
      "properties": {
        "uid": "a1XVI00000FoqVp2AJ",
        "name": "AmberDust"
      },
      "geometry": {
        "type": "Point",
        "coordinates": [
          -119.22354,
          40.786058
        ]
      }
    },
    {
      "type": "Feature",
      "properties": {
        "uid": "a1XVI00000FpxS12AJ",
        "name": "Holy Babel"
      },
      "geometry": {
        "type": "Point",
        "coordinates": [
          -119.212716,
          40.774192
        ]
      }
    },
    {
      "type": "Feature",
      "properties": {
        "uid": "a1XVI00000FruY52AJ",
        "name": "The Mystical Grill"
      },
      "geometry": {
        "type": "Point",
        "coordinates": [
          -119.213903,
          40.771376
        ]
      }
    },
    {
      "type": "Feature",
      "properties": {
        "uid": "a1XVI00000FsICE2A3",
        "name": "Harmonic Drift"
      },
      "geometry": {
        "type": "Point",
        "coordinates": [
          -119.218748,
          40.777289
        ]
      }
    },
    {
      "type": "Feature",
      "properties": {
        "uid": "a1XVI00000FsuEI2AZ",
        "name": "Camp ASL Support Services HUB"
      },
      "geometry": {
        "type": "Point",
        "coordinates": [
          -119.217774,
          40.772129
        ]
      }
    },
    {
      "type": "Feature",
      "properties": {
        "uid": "a1XVI00000Ft0ef2AB",
        "name": "D.F.C.B.(Don't Fckn' Care Bear)"
      },
      "geometry": {
        "type": "Point",
        "coordinates": [
          -119.213704,
          40.796731
        ]
      }
    },
    {
      "type": "Feature",
      "properties": {
        "uid": "a1XVI00000Fu3U12AJ",
        "name": "Davey Jones Locker Pirate Cove"
      },
      "geometry": {
        "type": "Point",
        "coordinates": [
          -119.220706,
          40.778104
        ]
      }
    },
    {
      "type": "Feature",
      "properties": {
        "uid": "a1XVI00000Fusl32AB",
        "name": "Resonance"
      },
      "geometry": {
        "type": "Point",
        "coordinates": [
          -119.194895,
          40.775335
        ]
      }
    },
    {
      "type": "Feature",
      "properties": {
        "uid": "a1XVI00000FuuoT2AR",
        "name": "Icarus Camp"
      },
      "geometry": {
        "type": "Point",
        "coordinates": [
          -119.213291,
          40.795578
        ]
      }
    },
    {
      "type": "Feature",
      "properties": {
        "uid": "a1XVI00000FvEVR2A3",
        "name": "Tequila Bees"
      },
      "geometry": {
        "type": "Point",
        "coordinates": [
          -119.20892,
          40.769849
        ]
      }
    },
    {
      "type": "Feature",
      "properties": {
        "uid": "a1XVI00000Fvukn2AB",
        "name": "Booboos Gaagoos"
      },
      "geometry": {
        "type": "Point",
        "coordinates": [
          -119.221032,
          40.779898
        ]
      }
    },
    {
      "type": "Feature",
      "properties": {
        "uid": "a1XVI00000FwV9F2AV",
        "name": "MIDAS TEAR COLLECTIVE"
      },
      "geometry": {
        "type": "Point",
        "coordinates": [
          -119.219357,
          40.776736
        ]
      }
    },
    {
      "type": "Feature",
      "properties": {
        "uid": "a1XVI00000FzNWv2AN",
        "name": "Playa Pete's Plaza"
      },
      "geometry": {
        "type": "Point",
        "coordinates": [
          -119.216954,
          40.795888
        ]
      }
    },
    {
      "type": "Feature",
      "properties": {
        "uid": "a1XVI00000G1MLR2A3",
        "name": "Halloween Town BRC"
      },
      "geometry": {
        "type": "Point",
        "coordinates": [
          -119.190603,
          40.778909
        ]
      }
    },
    {
      "type": "Feature",
      "properties": {
        "uid": "a1XVI00000G1s5B2AR",
        "name": "Hushville"
      },
      "geometry": {
        "type": "Point",
        "coordinates": [
          -119.209269,
          40.771134
        ]
      }
    }
  ]
}
